00310f0f-f13a-484e-a6fe-9e53d1ab632d_1034224192	zh
00440937-d5ab-4f67-8f9b-b2bfd8a92f16_80395277	es
004bde07-9147-4747-8752-66c5079d89b5_255489503	ru
004bde07-9147-4747-8752-66c5079d89b5_348418897	es
00594b5a-7b77-495a-a6d8-c46acc45be60_596589829	zh
00594b5a-7b77-495a-a6d8-c46acc45be60_88507625	en
007081ae-815b-4504-80cb-00bd286f0037_1029728043	en
008914c2-03b2-48ee-b6df-cf2343a5be73_371091828	ru
00976f4d-9c11-487d-bb04-f93dbd3ac6a6_325019250	ru
00976f4d-9c11-487d-bb04-f93dbd3ac6a6_809108064	ru
00b8f280-08c3-4f96-ad5b-b986f30461a1_497785842	en
00bdbfe1-bf0f-44d3-a057-ee6c92abd8f8_992992492	zh
00e1e837-98c5-46cb-8580-d260cd101faf_974812530	en
00e36b81-210c-42ad-83c8-d28347b4f2db_421788127	en
00f7f585-ef60-4987-afef-8cb1443e5b21_120357560	en
01075e6f-f90f-47df-b4c3-9c6e4b0a6aaf_466765216	ru
01172bcc-2f72-41ea-99ae-1b09283b41da_458733153	zh
011f4d76-6505-4170-86f6-f7e300f3affe_809584304	es
0120b56e-1f8a-4690-9e3e-458518e4c303_665468240	ru
0122bf15-21c4-4776-87b2-3967e788f7c0_439972819	ru
0122fa0a-aafd-4451-8f97-e4a39a9dd88a_800120034	zh
013f90f6-3a4b-430f-836c-d404fffc9c8e_771305523	zh
014f0a05-54ec-4e10-af6a-15b55adbe83c_861571395	ru
0151811a-d7ed-4c61-aea7-bc49111a11a0_997144533	en
01571973-e5a6-4883-8f09-9ce64b79af21_981568127	en
016ad750-07d5-4a12-b0f8-0dcd9fa1575d_239878169	es
01794ec4-f540-4b09-80db-15dacb46c55a_116530380	zh
017e9978-d201-469b-9240-f11715d5ba15_993996552	es
0184e3cb-6e36-4152-8a1f-80423b62d1f5_1018553351	zh
018ebb9f-401b-4343-8eec-026b0a94b2cc_228343163	zh
01a05f79-9c83-41d5-8694-211daa85b7c4_1026806519	es
01c44cda-9c26-4674-815e-de91cca921c4_757278772	zh
01d2f9b5-30d3-44b3-a5be-aeed0bd56542_645509253	es
01daed5b-4efd-4c3e-bf1b-c33e3b14012f_986153389	zh
01e9c27c-4117-4b4a-ad40-4f034bb92e83_782968010	en
01f3ba8e-4dfd-4ae9-97b7-1587e2b20df3_169808181	ru
01f4f5cd-9e38-4eae-8a37-35bcbff85d8a_84503113	zh
0208b946-03d7-4a90-be65-59f0357fb4ff_417898970	zh
020c57e3-972a-41cc-8f61-91815a5bddc1_289002790	es
020e4e6c-45c8-4421-a53d-ff023c3eb4d7_130799698	zh
02114348-d4fd-427f-8fcb-7013122d156c_806313618	zh
0219acd9-d874-4663-8670-5069fb4ba5fb_1044479365	es
021cf22b-b495-4c86-9820-31967ddf0259_553491904	en
023f7dc2-7fdf-4556-8a55-0ab538114645_340817445	zh
0245c39f-a3ca-43cb-b2ef-5189ae810c48_466873037	en
0262538a-0e1c-4157-8efb-a8f13198b79f_15695058	en
0277a207-c9e6-46ef-9306-cb603fb86091_682885229	es
027aa1fd-eb65-4c92-8094-4fd8e40aadef_98849953	es
028c8ea2-6f35-41df-b286-eede980eb3eb_492650560	en
0291c391-8dd3-4d7e-9790-d54597943416_447237456	en
029583ec-da87-4eb0-8d99-82220f88d78d_912827174	en
02a77179-2293-4105-ae92-bdc9ff4c60eb_74490991	zh
02b0414a-d4f0-4480-ae4e-0cd7db375a87_974078697	en
02b5cd5b-f90b-4fc1-9f6d-f7e5c6b4b285_845207557	en
02bb0685-ce2f-4920-af54-255a0b169e9c_200447928	en
02d34420-1dcf-4ed8-89b8-065c2bc5b778_114485190	es
02d4bf13-d1d1-4954-9899-a623756c0f0e_1008132529	ru
02d9782d-8612-42df-b76d-5c83f7df8865_975121253	zh
02e07302-ee29-4de3-a0e3-5076a9add90d_260545276	es
02ec225e-ceb7-44a2-a32c-421ee04d1e10_764257629	en
02f19dad-dfd9-4cad-a549-89b673ba642c_265199470	es
030aab02-a533-41d6-96ef-927d38fdd49a_716095477	en
030aab02-a533-41d6-96ef-927d38fdd49a_975945936	zh
030aab02-a533-41d6-96ef-927d38fdd49a_987704625	zh
0314b03f-2652-4189-ae31-c94be1640f30_950993118	es
031c5062-a13c-4088-8edc-3179746fcc66_536537336	es
032cf1ad-58b0-4243-b570-78491b5691e7_524279468	es
033fa5d5-912f-40ec-aaba-443a798881b4_211985678	zh
03465623-d836-4379-b078-a3114f5ab6af_69557028	en
03498377-d4fd-4c14-b6d8-3652756f755b_324207390	en
035d2674-bb27-42cc-9aa8-edf1ce892e4f_557741886	en
0367af00-a10f-4638-832f-ebac196ddd04_271096049	en
0370e702-007e-48ff-a19d-b6d8b28bdef6_54536313	es
03834419-13a3-4933-b1fa-fe5747332cd3_410375677	en
03878997-266b-4fbc-8b21-0c7a06ddd459_814148954	ru
03b8f703-dbe1-45c1-a82d-40c6157ec2a4_369582276	zh
03cef17a-cabd-453b-958e-6df2514cd20d_233109856	zh
03e7d62c-5970-4d14-8134-77e993cdbe7c_401508615	en
03fc2768-916c-4d76-94db-80544b4c0ffa_588694397	es
0428e199-e28c-4f47-a163-bce3261705cc_194700652	en
042b2e21-798b-49dd-85e5-d740a6174533_944840439	en
04412d8a-6ab2-42d0-9224-7edddcefcee8_178901770	ru
04412d8a-6ab2-42d0-9224-7edddcefcee8_281523905	es
0450ea33-71c3-434a-9b21-3bbc9897506a_4688474	zh
04527cae-eaa2-4479-bd9d-7e203c3bee3f_655020756	en
04775016-a50f-4227-af0d-4f61d6e034aa_361195814	ru
04a391e5-b73b-4e2a-8f5b-191fbd2ce591_801482935	en
04a8ccd9-9662-4129-a05a-8065fb16c673_996522049	zh
04afc5cb-f1b5-42ca-9c95-feb51e5d5975_834154583	zh
04bd8ba0-4fc2-4dd7-a544-9e34b4c0e090_328056362	zh
04d154f2-ebf7-4446-ab76-bf0249319384_767789249	zh
04de98b1-a919-4493-a6d5-e832987e03d5_940965117	en
04ff38fe-f13e-4131-9ac7-e7ed1b40827d_488535330	en
04ff38fe-f13e-4131-9ac7-e7ed1b40827d_751349142	en
0502a8af-040a-4e08-b4d9-374bea891d54_147975904	es
0502a8af-040a-4e08-b4d9-374bea891d54_192025829	ru
0505932e-e096-4b88-be81-b8b525ebd27a_609224607	ru
0507e8a3-a10c-446e-9ad6-f3f582280ca8_782937233	zh
051ad9d1-044a-40e1-a462-3b9e46717f75_185130702	es
054cdb4c-3b1e-4328-b16e-b5f60fdfc618_809367542	en
054f7600-ad42-40a3-ad42-181e5969294e_349030524	en
055d50c0-58a0-49b0-978a-26f35c89a239_174389777	ru
056ac1dc-c6dc-4822-8f10-c73ac02560e7_815988748	ru
0570f411-1bab-4f13-92cb-74f87ffb4a3b_170200926	en
058f5300-b188-4156-af34-ff0a37219564_693581073	es
05926e9c-5633-4bef-bc73-251505b0b384_955967279	es
05961f33-cef2-45df-b6b0-91043dbe4ea0_10275676	en
059bfe29-1fc3-496e-a6b6-c5c96258e02d_353299126	zh
05a9e766-9b02-4ab1-9cc1-639bcbfc354d_477318440	en
05b2fc15-6c14-44e9-b7e4-030d675877e8_791039243	en
05d3d6bf-6d65-4dbe-b48e-f5a4bbf5218b_794128785	en
05d8bc39-a33c-474a-8f66-48b4e77560b2_578238853	es
0601d783-e2c1-4711-b7a3-c2d23f59875a_18680132	es
0601d783-e2c1-4711-b7a3-c2d23f59875a_437171257	zh
06069c09-21b4-4ca2-bdfd-1c0d1b40d427_672433126	en
061641d6-49c2-4b0c-ac1e-001c86b80a9e_203363365	zh
0622fae8-84b5-4ad4-898b-c9aa602daabf_99995149	zh
0647188f-9964-4a4f-ae8e-63483708d38d_1048701790	en
0664f427-ef80-4a94-acb1-9f9f6dd32127_999347323	ru
0673de09-dd62-4580-a666-22df79b33452_383928070	ru
068b9d98-d6a9-4164-933a-40ac924ab0d7_635915782	en
06a26c76-768e-4692-a1ee-8666a74b9457_88538165	en
06bfbc18-1a1e-4c2c-9ddc-436321f651af_799258412	zh
06c07304-0431-406b-b545-1805fa448736_540527123	en
06ce431c-dcb3-459d-a8db-ffd666095b38_221403711	en
070d9f2a-e1c4-40df-adc8-1795836bc086_755339536	en
070d9f2a-e1c4-40df-adc8-1795836bc086_851474857	es
070da8dd-1499-4337-82d6-1a984c6dadd4_258610077	zh
07237497-b8e6-4a34-b852-67a203a34111_325702518	en
072c595e-35c2-4f60-a062-4c25b65b3995_484907351	en
072e5eb1-43c5-4f34-9e76-544de37657d8_850573552	zh
0737b2e5-93cd-496e-8bd7-f80b12ec4120_163352547	zh
073b2d86-8a70-42dd-a994-3d0d2d4d631c_799207900	es
07439014-3593-4648-8e99-4d913c483be6_793164328	ru
074ffe6f-ff93-4657-b954-8289ec6f6bba_695467594	es
0766d9ee-1213-4da0-b0d4-e2e3b2ae54d3_650933530	es
076ebdd8-da13-484c-b089-81a1fb6a7d94_795693338	zh
07bbd79a-413c-462f-a013-cbb3674a24f4_12803288	es
07caf3d3-173b-4074-a942-ef2285329549_134523866	zh
07e3001d-02e9-4fd6-93c5-297d45a1360e_498790439	ru
07f85265-4eea-45bf-9e8d-79c6b9844d45_234597718	zh
08014edf-3735-4f26-9ef4-f6f0dc7249c4_293972834	zh
08123e8b-8277-4c25-8431-26b190f7b971_376557993	zh
082d59ea-979c-4cf5-903b-bc91d6561f31_616472104	zh
082d59ea-979c-4cf5-903b-bc91d6561f31_73659171	es
083b3594-5be6-4ab3-b706-0b157885ca04_1053848547	zh
083b3594-5be6-4ab3-b706-0b157885ca04_42638935	zh
08473cf5-9e08-44ff-815f-a703ad8475c3_497024885	es
085080d0-3f58-435c-863d-300c509d37ed_371759369	ru
08513efb-f585-43cf-80c9-6a72d864444a_511457039	zh
087a60b6-e08f-4a18-9413-89388ed2a6a7_87021798	zh
0885ab7a-fd9f-459e-9967-20e9d6a44418_384800966	en
089b8f37-f743-4744-8d81-4545ba175863_607634760	es
089eed5c-5e76-4670-903c-8ecd277993bf_261011662	en
08bf5561-f112-47d8-ae82-2041a9b4fc15_858430865	es
08c5ca7b-d393-4bf8-b5cc-08fa53e33540_161504289	en
08ca84c5-4b2b-4d9d-9e09-ebe27cf1cf28_985384924	es
08e56be8-bc6f-4425-87d4-aedb4c7ad5e1_1046437195	es
08effe59-1b22-4c30-b5f7-c4fa4b1d75f2_263969436	ru
08fdb39e-0e42-430d-9f24-5553e27ff75f_244610893	es
08fdee9f-2b65-4f21-adc0-5b2620d6e2c7_179861156	en
0907a7f8-7d63-4490-8c90-cc6dd718be29_268508116	en
0917cfa5-9192-4524-812b-5dfddc861211_106828966	en
09558504-c685-4ee0-8005-b56fb3173565_886090176	en
097112db-5dca-4a6c-9f6b-a638357d6d26_737230928	es
09887dcf-8df7-4f1e-b60b-875b3d1bd775_576805776	es
09956187-3394-4e0d-952a-2f62bd4103cb_200226784	ru
09979827-280d-4f0b-96b7-7b7b417a316b_7956144	es
09988b08-2d95-4b5d-be29-da19108fb26d_172954742	ru
09b1ea9c-dabb-45ed-87ff-9a078558f65a_364855375	en
09c853f3-75f1-45c0-8bbd-b9026dcc5bcf_871271413	ru
09cbaa0c-5e42-4814-a1a1-3e28d939b1c4_215109534	zh
09cbaa0c-5e42-4814-a1a1-3e28d939b1c4_220766229	ru
09d92795-1631-4e65-bac3-c5d09870b930_31546174	ru
09d9c86e-c1f6-4cdf-84da-a112c9128fa9_242326369	en
09ef20ac-9621-4ee7-8df0-088c6c4e814b_173793809	en
0a13922b-0ee9-4f76-8fb7-e2ddb40ec980_786232117	zh
0a1bea4c-a897-4f33-9d59-ba918370d616_747989420	zh
0a2663e5-8a14-4159-a22b-e8c8727626ac_600825741	en
0a4440b0-8a25-4321-83c2-b5902428af30_752631750	en
0a4d4075-6ba3-4874-88a4-35473c36272a_398495235	zh
0a579425-83c5-4d23-a655-eacea861cb04_973241303	es
0a79ec88-27dd-407d-bbdc-1f171b88fa69_694406441	zh
0a7e0327-5c09-47de-a5d9-a42fdb8c7128_1037360683	ru
0a834cc4-71c5-4e25-abfe-965d35c92aa7_246951833	ru
0a834cc4-71c5-4e25-abfe-965d35c92aa7_906594626	en
0a8c8673-db10-432c-ab42-f723753b1db2_305748908	zh
0aaa9b9c-6b10-4080-9c86-161429f3596c_582600640	zh
0ab5384e-2abc-462a-9271-d6150531f06d_10387220	en
0abd9458-6142-4057-bc7a-29dfd65950b6_815011590	en
0acc7ee6-ad45-420d-a1e6-c5de4414c5f6_851300060	en
0ad79083-85ad-4b4f-b5a0-38a2ba01eb00_411745037	es
0ae34bdb-0670-4c0a-9d64-51b9356d469b_516672060	ru
0ae40269-bc69-41fb-b3a7-4c5a647dfb4a_711269666	en
0ae40269-bc69-41fb-b3a7-4c5a647dfb4a_803912004	ru
0afb56d0-0a60-47db-b20f-2f07948df74f_629397371	en
0b0671ac-124f-4f55-83c1-326ad97f95da_1001577350	en
0b094b42-59fb-428c-ae72-cce9d264a029_293934798	zh
0b0a6638-7cfb-483c-bf6d-bc4b844b884a_600793643	zh
0b26e636-48c5-425f-ae92-ba9159615cdd_874408070	zh
0b355931-0713-4d9e-9d44-8fb722aa6392_808759219	zh
0b42e591-82e2-48f1-a7f7-7924daca0e0a_557452025	es
0b465838-eea7-4a21-a67d-1857decbc51a_738956101	en
0b545b7a-f932-42ee-975e-fcd7e631c3b8_82688844	zh
0b59945f-7221-4345-ab05-c4b5c8910445_801181077	en
0b7f5a77-3732-4e48-981a-07a895704ad5_296632374	ru
0b88bf67-dad3-4adc-9888-12ed034b60b9_134364288	en
0b939999-07ca-44ec-9b4e-60ad2f459051_823082186	es
0b9932da-8c3e-489e-b205-0ea66baec08c_870381519	en
0ba49cd8-a406-4235-b237-49a3230a77e1_416493310	en
0ba7e934-3efe-403a-9f7c-99a4248e3207_998332479	es
0bbb3a6d-543a-4050-b656-89826f67718d_350867671	en
0bc3feb3-0651-4076-a84a-081ffaaa32d2_804924755	en
0bc41060-8bd7-4ca0-bff1-53e5094bc461_931681379	es
0bc8c9b6-9ddc-4d0a-8bdd-d46457edd9fd_79841161	es
0bcb8ed9-45bd-4f26-8581-82bf31a23a4d_486653520	ru
0bde128f-61c2-449d-847e-3a5abe7e7c74_811312870	zh
0bf0d21b-9f73-4709-a870-08194da48203_506824889	en
0c095815-797f-45b2-8c14-75f8b1831f37_477097037	en
0c102999-1b5a-45ce-b5dc-6e883bc91c60_743767585	en
0c2e08c1-cfc4-4136-ab79-337e93c9a10d_314708690	en
0c2e5211-67b7-43f4-ab79-f87555152fbe_501530076	en
0c3257a4-2e50-4226-8b13-e5a7d89d612e_801730157	en
0c32d554-c75e-4a6a-a64b-cb79416652f4_95222448	en
0c567eab-4175-42bc-9fce-5ad7e0e56e77_109953628	en
0c5b4422-161c-418c-851e-c0d4b3a8542f_831276578	en
0c658af2-513b-478f-a524-aac65081926c_512445037	es
0c65db26-774d-4626-8d03-fc6e4d9d0d4e_170472451	es
0c67e13a-086e-4dcd-ba68-7c8c596577a2_98085749	en
0c6da792-740c-4e03-ba3c-fe58ec29a009_931319705	es
0c807e00-49d4-4d11-9f61-28bd7d910b30_508237690	en
0c8dab92-58e0-4ed3-8464-27b4ba697a64_703878688	en
0c8dfac0-63d0-4a17-9d88-99ae181fd1b0_661514272	ru
0c92f952-651c-474b-af00-e0dfebf6ad67_1002925676	zh
0c9edf97-e549-4983-b212-9a3241a616ea_1027347338	zh
0cb5d3a1-624e-467b-9986-c257f7460d79_877968185	en
0ccabd0b-8c64-448d-baad-913d71e43ba0_677248181	es
0cd35e1f-2fef-4d09-a17f-1fe4d6d21d99_951263659	zh
0ceb3baa-57b1-4a09-9b6e-151d6ecc9824_1021948439	es
0ceb3baa-57b1-4a09-9b6e-151d6ecc9824_948388635	en
0ceedb01-ac8d-4b4b-ab66-99ea213e03f9_560296062	en
0d31f5a0-0774-47a3-a7ac-38a9fce4e50e_273104556	en
0d60b95c-2336-43e8-b439-3dd11ba56c07_672888932	en
0d668e62-0694-47ba-8f25-be3b5b7f1572_954510211	zh
0d6d1040-94d4-48fd-9e88-7c7b3647a5a7_874958975	ru
0d79b1be-9922-43be-ba3e-ebb5a1da9243_824013881	en
0da36fd8-ab33-4531-8c69-4a05082d2b69_270457163	zh
0daa652b-cd64-4007-8efe-e4f96f6ffeb7_622148923	en
0db794c9-ee8a-496c-9328-326df3ba2f21_233280983	zh
0dd0a2f6-e14c-4ebd-8181-fdb5c6c6cc59_82951914	en
0de0133f-5479-4c3c-be6c-9b7630e8e37a_302736325	es
0dfbe717-d172-48ff-8d57-3586f4118535_144385883	en
0e03aa71-9fa6-4d45-822f-96fb9be2b2c3_607453423	ru
0e03aa71-9fa6-4d45-822f-96fb9be2b2c3_862970170	zh
0e1604a1-3174-40b0-b042-fbcda4373591_421216531	es
0e1604a1-3174-40b0-b042-fbcda4373591_845976803	zh
0e20e3bf-3c75-4597-80f1-94a70e045442_222170759	es
0e20e3bf-3c75-4597-80f1-94a70e045442_801709188	zh
0e4ae416-c558-4741-9e4a-4988869bcd74_127246793	en
0e58a539-14c6-4e6e-a63d-bf0592c461b6_158710901	ru
0e68b417-e609-45f2-aa96-76df3a1f1293_450633391	zh
0e68b417-e609-45f2-aa96-76df3a1f1293_830147764	zh
0e728151-f68d-4e8a-ae91-60975a7dbe76_76565190	zh
0e970fa9-c28e-4166-8dbf-cfe22a04e1db_371699727	en
0ef787c3-99e3-4f9a-af29-5416c1cf8498_156609411	zh
0f2ea652-a65a-4cda-997f-2c8657276dd6_115682664	es
0f2ea652-a65a-4cda-997f-2c8657276dd6_578942141	es
0f387ff3-394a-42a4-8e20-5be6302be7f1_322479872	en
0f464d8b-4a62-45ff-8d46-a95d4bcc39ef_679359401	es
0f55ce69-818a-4827-b9db-4c9b0f8ed6fe_403736141	zh
0f5ac976-8fe1-4bf2-b9fb-a52fd2a5cffd_53803735	es
0f5bef6c-1e15-45c6-8980-2833a981e96a_847099306	es
0ff10ba5-cdd1-4a3b-8025-71f373f0d9f9_631442949	ru
100475a2-dc01-4572-b8f5-6f9e4a5012c9_800450166	zh
100475a2-dc01-4572-b8f5-6f9e4a5012c9_910181632	es
101e2fac-72cd-46d4-aba0-6a316a59e231_370124881	zh
1029322e-e289-45fc-b31e-8ee736166f4a_246613901	en
1029322e-e289-45fc-b31e-8ee736166f4a_352116578	es
1050560b-fd90-47d3-818b-513c9a0e96c8_166914822	es
1050560b-fd90-47d3-818b-513c9a0e96c8_652240451	es
105148a9-bd5d-4e64-87f9-7525fb39d21b_743517547	es
1053d58e-8e4f-4a35-a624-c2026d05b779_831281785	es
106d489a-9d96-43cd-878e-c5437198bc67_283103150	en
107ee6b8-f7de-4407-a03d-fd5b899ad5bd_194551395	es
108e3a67-50fe-44b2-bf1e-ac462c4b26eb_846224949	es
10a996a7-42e6-4ab3-8ec9-ce5c64a05e47_861010506	en
10c24271-1031-477a-91da-cc4898a94dbc_737153866	zh
10c46b3e-979f-4087-902a-9fd5575db8ce_420909523	ru
10c5881c-23fa-4bbb-84c5-e65bae3ca680_922009705	en
10c92252-c26e-48b2-a603-400f470a6a78_897370610	es
10ccd21a-43e3-4f4d-9870-621650cb8049_217581099	es
10e33051-6d14-4c9c-9b2a-fbb9215499ee_307100058	en
10ea7d6f-6357-452d-bdef-4020e04ca8fb_187819945	es
10eec593-61f0-46aa-b451-49fa221f3ba2_555187818	es
1102fa06-be11-4336-a274-d24aeaceae35_48969876	en
110e1b52-2e02-4355-9eeb-e1cc5a464100_488698840	es
111e3ec7-a3a8-4b10-8f5a-2419b77cb876_666079295	en
112b1140-a203-481f-8aca-c8500c701299_765033431	en
1130143f-e63f-4846-93b3-9b154789367d_683436470	en
1139a92e-09f2-4972-8ff3-8d731ad94c05_541547648	en
1146fd9a-a273-494b-a044-f8edfa8dce7d_55900983	zh
116a270f-4310-4af9-8f38-c793433ff96a_824502640	es
11743730-596c-4e6e-bfa5-51e5b2df1f7d_120162078	es
1177c8cd-95e6-4350-9236-8ed8682ddf57_86453707	zh
1189a974-ff34-41b7-9494-44d35ea464fa_934057621	es
119ac336-1791-49b1-a327-65f9b921075f_494059413	ru
119f80e4-f470-4197-ac2e-7132f8b86260_715362123	es
11a13ce1-55d1-48c1-aee2-cddf17ffc5ed_679645568	en
11b17efb-db4d-4752-8a91-5b76d4200932_418932561	es
11c3ff7f-ee55-4bbf-bbbc-29092a9111e7_724809466	en
11dc479c-e8c8-43fc-8dee-8b2407b1b0cb_604782330	es
11e1e1b2-7f46-4b5e-bd8a-d6d7fc607fd0_466904889	ru
1215d263-b085-4b67-be56-f1bab7794aec_696061129	en
1221137b-f62a-451d-9b55-95968c321ba9_725715848	zh
123d6ad8-0cec-4467-8988-e8f0198c816c_965841234	zh
124028d5-2d7d-421e-9145-9edc62d518f7_974951555	en
1240a670-880b-43a4-88bc-5e5f103bd6a1_254895628	es
1243b2ef-0235-4ad4-acfa-23ee80169a94_291999317	en
124fafb0-bd3f-4f0a-b997-3619978afff1_571425930	zh
125eba07-45c8-4f47-bdf6-0b29f368ab2a_1065511181	zh
125eba07-45c8-4f47-bdf6-0b29f368ab2a_724127181	zh
125fe24b-4acd-4f62-9416-5908a641d534_870643497	zh
126e4cfb-a2a8-424e-b895-9a5eb71313e2_1020191306	en
1274b42b-481e-4609-945c-85a7944cdfe2_912835032	es
127b1d56-76aa-4910-b306-5357b97c9d46_812576189	en
12a8646d-cea1-4e8c-8be1-b392bed64408_702096160	en
12ad41e4-ed11-4d90-995a-1cb4a86e7e2b_695114388	zh
12b19a75-9068-4e2e-8fc8-9b9f064ff79a_1020868025	en
12d0de1e-fb13-4052-8607-ee525f35406a_927558230	ru
1323365c-f9ed-43da-b1d9-be32db47e556_166946762	zh
1328209e-3cab-47a6-a739-9299d000e44c_537313064	es
1331918b-d998-4e85-a4e1-cdf960b28c53_747292019	zh
13642a00-83a9-4d1f-baa0-2416dcc6fd61_781861407	zh
137bf5e6-438d-4bd6-8984-7ca4f69c5649_242105734	en
1386537b-bf3d-4315-a007-8aa02221c0b3_541848607	en
13b470bc-75e2-4565-9c70-ef2a88609885_89799900	es
13b82c67-6c6c-45b6-84a0-f1c81ebf88a3_83324869	zh
13b98add-9f70-4376-9cea-bc8dd786e2c9_927296389	zh
13cc8626-579d-4f10-a95b-624aeb586bbb_555206036	es
13e1867d-4f1a-48d4-90ec-1008534d23fb_728171385	zh
13e2956e-7d2d-4fe4-93f2-b2bb07528303_528135030	zh
13e598c8-7fb3-4a25-bca2-283a0a076f14_171140896	en
13eefc31-e931-4a34-adcd-38756bf1e27a_988398867	en
13f05365-5529-4da5-9951-f0e9522f0844_317341164	zh
13fe7d63-0cbf-4cd8-a7d9-896f98d9b8a4_559751641	es
14037c8a-0150-467d-9f36-a9d058ddc162_1070693933	es
14183df7-2bf8-4c4a-a6a2-eee94ef35c43_10033027	en
14193eea-fdc7-4148-bbfe-1de87c1dd491_491815838	en
14262a48-23c6-4805-a3f8-3bac32956acc_566069023	zh
14351f92-e070-4c23-a2ce-f877266a1287_780772002	ru
145d4f95-6653-4567-b2d4-f8b824ddb3f7_350599794	en
1472bfa7-6bf1-4d07-b634-8fb7ed3c5f49_300418099	es
1477ff34-9ff4-4460-a87e-983ad1f764d8_87732500	en
147a9a55-ed1d-4db8-8c3d-da71f65b9d64_68062093	es
1481efdf-8258-47d4-b586-a4cb04ab1ee1_219534211	en
14868809-c020-402e-8bad-14e83b64ed31_543732549	zh
14b107c4-6172-46c1-90dc-06316cf2e3b6_97409656	es
14b74afe-0edf-4d91-91b5-8e43149bdfda_867116432	zh
14b74b2e-eb4c-4316-a13f-2b94ab1cae1a_182930787	zh
14b7b34a-d3b1-42bb-af13-a736be7ace4a_491081827	zh
14ecd660-30d8-4791-9446-5b362ae832f6_83205287	en
1504cfcb-2537-48e1-a051-95d51a5eb7ff_558493370	zh
150826a7-be6f-4ce6-9a4e-bcf5314416a6_479757264	en
152f3739-f293-4406-a26a-ba797f326d33_814830764	zh
15514409-6003-48b4-8823-23678355ae7c_101292833	en
1557c3ae-3c87-407e-8448-918967d7b629_410237931	en
1562da5e-a832-47bd-892e-9808ffba81f0_122329060	es
1563a382-42cc-4c1a-86fc-ebeda22cdb68_407856928	en
156d4571-8a24-419a-8c6c-eab22c534019_451451447	es
15933e67-5b7d-40da-b6d7-5ce770fcc6f5_417182049	zh
159ffd78-961d-4460-9ea7-568ed3db8ba5_533236114	zh
15c8fea9-c1c7-4816-91f9-e0b8ec8c6747_2225714	es
15d6c15b-67ba-486d-bc21-8dae0184a593_1044074098	zh
15e67150-d66c-4fb7-a0b6-c2c5b377e67c_344198620	ru
15e8540b-5ba4-4152-9f0a-a15471c6bcb8_890638172	es
15f3abc8-2055-430b-a9a2-660222c9dd5e_1016235482	en
161c44a8-9457-495c-8d63-bcfa1bbfd713_349290027	en
1629b01a-9350-447d-bc0f-da7d8573399b_802463785	zh
16360a9e-3863-4b7d-9bad-f42c562e4fb5_1065074270	zh
164488d6-78f9-4886-9a02-6e19731f47bc_230615140	ru
1659a870-cd0b-457d-bf41-d94a17e2e71f_376793514	en
166b50bf-1c9f-46cc-9cc7-c69a94f5f193_1019211697	ru
166b50bf-1c9f-46cc-9cc7-c69a94f5f193_253019347	es
167b961a-b4e9-4df4-a5d2-270c42fae302_397648700	es
168d6f07-7681-4598-8319-59d4359fb950_740473284	ru
1697a768-665d-49c9-8ac3-07c398174abe_1062073970	zh
16a1fc48-3754-402d-9378-79d4f5bb513e_102459925	ru
16a89333-0603-4dfd-b01b-db13a232be91_769099623	zh
16bff253-f821-4c36-ae1e-566843a4046b_1039104500	en
16cec7b5-d6d8-45f4-9da2-d3dd47a515dc_950527966	zh
16d1908b-e10a-4350-bd0f-43870f27f988_707376360	zh
16d9d8ce-54d8-46d6-8750-f51324d39ee9_968449010	zh
1709e518-cf7a-468e-8566-029537b77685_597665965	en
171538f8-76a5-40e7-be21-162696a2cba0_345051794	es
17181df8-7d2d-475e-8f5e-fb224314efb8_765669266	zh
17207af4-3c50-49a6-89e3-710710adaa99_355321756	en
1753092e-f754-4742-ba4d-e6d370aa6f82_577441038	es
175623ab-78f6-488c-be93-5f37cee2b1b4_1051002986	es
1761504e-b4e8-4e56-ab88-ea280d3a8623_917105430	zh
17623319-2c6b-44ed-975b-bedd8a67fd24_483118047	zh
177796d2-d568-4269-b644-fcece83022f2_154252903	ru
177796d2-d568-4269-b644-fcece83022f2_94846278	en
1779e5c6-bc4c-478f-a55c-6d4fd4495241_667881694	en
1786c690-fabd-4fa2-9c82-4e27bc8c39d0_1040399873	zh
1786c690-fabd-4fa2-9c82-4e27bc8c39d0_675858913	zh
17d7a2db-bd76-4cc2-ac19-a6d4839b3157_554345280	es
181692b4-63dd-4972-895e-83bd6714b295_674282302	zh
182b45ff-15f0-4118-b6e6-b11a3bae5eda_8807101	zh
186e622b-86ed-424c-bb9a-efef0ad532cf_360481549	ru
18765825-698d-46b3-b4b1-a7fb23465cd9_312069524	zh
1889678f-3ec4-41f6-b5e8-cb9ee4b2ee36_614547797	es
18945f4a-33cc-4db4-b221-eaa1d71b7161_522482024	es
18985fe5-938a-4ff6-a3c1-8cc3e05ccdd1_624363112	zh
18985fe5-938a-4ff6-a3c1-8cc3e05ccdd1_736258144	zh
18b129fb-1be0-4452-a2c2-bdac8b068533_224492393	ru
18e4d57a-d270-4497-8c8c-99286a729408_353548957	zh
18e60145-692a-43f8-94cc-94e440a02150_819450018	ru
18e60145-692a-43f8-94cc-94e440a02150_910032540	es
190a59ca-7f60-47f2-bc57-8648eb856dcb_453693223	ru
1911b61b-7fe0-4e00-8ffa-3622184807ba_179599258	zh
191df5fb-8415-4bf1-b822-7006090e0641_133535181	es
193b3c5a-f470-48ae-932c-cd373dc3ee20_9077159	zh
19610394-c5c9-4d94-a7c5-a58e3807aeed_340631712	zh
1965183a-1722-4410-b922-2bb04cce8d42_1020633458	en
1965183a-1722-4410-b922-2bb04cce8d42_798059069	ru
196a564e-15e4-4386-a5d5-1ca6cccfd66d_153818571	es
196fa8d9-9ff4-49c0-a392-be8e1cc96266_398631048	ru
198df24e-d13e-489d-9a98-3a3ad5644355_136453340	es
198df24e-d13e-489d-9a98-3a3ad5644355_186881215	ru
198df24e-d13e-489d-9a98-3a3ad5644355_616287071	en
199e6b5d-733c-4f8d-b37f-a505b4d0ecaa_510946825	zh
19df3e93-7f7c-458c-b652-b688b5d60631_79165240	en
19f4e38f-df66-4ebc-baca-18b4f605f4f0_36769495	zh
1a03239b-bf91-496c-a4dd-f8c524ce3f80_634942899	es
1a0a5799-dd68-4a35-b843-ff110b3bc78c_389239763	en
1a155c6c-b8c6-4841-be89-f81ec96f481e_497378170	en
1a176a78-05ac-4fc2-a551-11cf1d3200cc_1009634552	en
1a1b9fcc-4300-48ca-9dc8-146a2058b715_196168787	es
1a3ad343-c9dd-4bb4-8396-f41021757c24_804979756	en
1a41512b-b603-4ec3-97c0-73f1ff6b91d1_13047372	es
1a52c52e-1f25-4075-824b-c297c3ca11d0_712463913	zh
1a619fcb-4003-4b46-a09b-273831ece307_347863046	zh
1a650a19-ec24-4b71-9c19-f415ba0e2241_1048324898	en
1a6d6f9f-2ed3-4ff4-bfe4-17ac59600ad2_988173851	ru
1a7c9748-7f1a-4cba-8998-412d503dbf40_260845672	es
1a856d3a-d80b-403b-9379-752edf508656_144783082	en
1a8cc4d8-1971-49ec-842c-0d1eca185af3_239093090	es
1a8cc4d8-1971-49ec-842c-0d1eca185af3_687043989	ru
1a92618f-1714-4c50-bd60-ed5aee6a99c4_966492064	zh
1aa12042-f2e0-42b3-b8d8-5bb977fe5c3b_995171113	en
1ae6376b-0bc1-4a64-a07a-5d2ca4ee2bff_319616453	en
1af10747-ef12-4039-ad52-ccd6a6df9876_55145580	en
1af462d7-97db-4389-8b1d-a730a53086b6_541564743	en
1b0118ab-f184-4487-b9e7-2827e7891407_151100655	zh
1b0118ab-f184-4487-b9e7-2827e7891407_829769471	zh
1b01358c-ee1f-4461-abc5-424051f92e4e_26565198	ru
1b0c9171-7d32-4cd0-ba72-597c533291ca_635289555	zh
1b1036da-2d5a-49f0-8515-4d4e79ec9beb_883827875	zh
1b14d01b-28cf-469f-a4ed-fd9487cb8590_418762609	ru
1b32a69a-5f4d-4a0a-8876-a0784968979b_344087216	es
1b32a69a-5f4d-4a0a-8876-a0784968979b_36721498	en
1b34d39f-2a34-4dc0-af94-d291708d3162_977225786	en
1b354435-31df-46be-b246-f400b3871d3e_1005575832	ru
1b446a61-bbe2-4576-9823-5d700c3ce3ed_382796545	zh
1b4dcfd6-edbb-40e8-8782-defabfd1412c_435572060	en
1b649385-6b5e-4153-9781-9b58c0d4caa3_248503954	es
1b667eb4-1c22-4505-bf8c-3aaaf0f56276_355341668	zh
1b7b8d94-a4de-467c-9d53-235724489776_641242644	en
1badc249-1b48-4f29-925d-4c12b133b28d_595037188	es
1badcc32-9de7-422b-8682-2ff875a6eb67_242384638	es
1be7ae86-8216-40ed-a321-d220d676d19f_258751675	en
1bee6642-9c09-4552-a459-54c9dce6bd6f_554060518	en
1bf1c7fc-b7cd-4bfb-8639-12924f83f14a_511187584	en
1c121bd3-99cc-47f3-a4f6-f30493511c55_495571740	zh
1c22db99-5ff5-4460-9bea-d42d3f7300fb_1037166925	es
1c38b1a5-b539-49b5-8784-cdde118fe253_184624284	zh
1c840334-99eb-4d0f-8bc2-f0129e0b4bf0_303291637	zh
1c840334-99eb-4d0f-8bc2-f0129e0b4bf0_730854739	en
1c8f3734-0d80-4efa-a326-01b12dfa5227_234269912	en
1c9392c5-81e5-44a9-b55f-a4b0d1d7f623_658897027	zh
1ca23fc5-1e30-4aa8-ac99-04ecc30df58b_474936394	ru
1cb68005-40e4-4251-ab5b-585d91879305_267448116	en
1cb7a319-4333-4173-8767-5d666e8c59b7_823435890	en
1cb7a319-4333-4173-8767-5d666e8c59b7_832444469	es
1ce3fa46-cc26-4935-8c85-52f21ed2fa08_884905195	zh
1ce866bc-0426-452f-9539-2d1dc706f289_86648568	es
1d07f1b6-ce75-4bb8-9e11-9c3190f139d4_586367126	es
1d0e4045-aa67-43dd-b7b5-1783d200d0e4_74815040	es
1d140828-95b3-4189-a095-8239c51ba6a4_497308277	en
1d173d62-a329-4073-991a-a800ca66c33d_628155455	en
1d173d62-a329-4073-991a-a800ca66c33d_782736288	en
1d19b217-5018-459a-84ac-54ad68594945_524899784	zh
1d19d1d3-a2ea-4fe8-a36b-88baaf106f5d_64517377	en
1d2f629c-5f80-4082-b1aa-4f4027e65a11_263671777	es
1d40b189-0bd1-4ef4-8377-d0ae7d35b4b0_1041806176	zh
1d462a7b-1069-49b0-b5f4-c36f618b2e12_287289165	en
1d4ebaab-5c46-4145-9a1f-ba2b0c4f883c_326584096	zh
1d4fd7ac-12e3-45cc-9bec-74c93f9fd608_87944996	en
1d682f6f-f7e9-4821-b517-b544605b694d_671408	en
1d6927cf-e108-43a5-b13d-f52f12e5839a_818806727	zh
1d6e8f50-9fd3-4d7c-a72a-da4f094a673a_26005069	es
1d6e8f50-9fd3-4d7c-a72a-da4f094a673a_320376552	en
1d75667d-ad70-47f1-af33-59b0bb0a0001_512505639	en
1d8718b5-444a-4fa4-8d7b-4de737915755_331687780	en
1d8d96bf-df07-4849-9c7b-b86862bd9de9_159760668	en
1da6b55d-549a-4ac1-9cf6-820946cdb64b_150184619	es
1da9252f-f1e0-420a-892d-5e9c908be719_30993965	en
1daed9ee-8cfc-4180-b29d-40690f12d0ca_110770278	ru
1daed9ee-8cfc-4180-b29d-40690f12d0ca_406456546	es
1daed9ee-8cfc-4180-b29d-40690f12d0ca_62843138	en
1dbed0b6-6a0e-4647-8f58-2ff01c39a0ce_908329664	es
1dc0bf6a-f254-46e0-aa46-88f790f262f0_382274037	en
1dc15a40-60a2-4e5a-a5f6-a25de894bfd3_1060450062	zh
1dc80299-32b9-45d4-ab4e-e7d7cd8eb331_10881056	es
1dceb79d-6c0a-4ec0-b226-3d4f00827a95_452504981	zh
1dcf780b-d242-4402-ae56-76e1b9b82256_10758772	en
1def38ad-7cbc-4723-88d2-be792d302088_1033546904	es
1df6c649-f27a-4035-8962-6688eb5f8164_470289512	es
1e1ab678-e7d3-4992-b8db-94a21ded4f51_228774454	es
1e1e4ec3-a140-41ab-aa02-9b90c15ac805_115611753	zh
1e3f2009-abd7-469c-a2da-6daecd729f96_891662797	zh
1e40caa4-219d-45cb-9dbc-fe1481e774e8_925187771	en
1e4c6d95-923a-4179-9e58-9cc0aa41fa2d_690486406	zh
1e4c6d95-923a-4179-9e58-9cc0aa41fa2d_865781371	en
1e60f45f-5324-46bf-810f-a9869fd7be67_64679330	en
1e8e09b8-4025-44b7-8ba7-bff81a96468c_251007017	ru
1e94df74-c9b2-405f-8d52-62a254b97288_775478924	es
1e95a73d-fbb5-43d4-a2c6-ddfca2cc3755_968430525	zh
1ea03f3d-3d93-4b30-8dde-4266614c9ccf_895866232	en
1ea7a8cf-4230-4394-a89e-5f2fa46d0e96_5351454	zh
1eaa2168-41a8-4c0e-aa9d-4791d251c361_950297853	zh
1eb69545-07d6-47fa-b360-0317da7653ac_495554299	ru
1ec84a30-fdcd-4f1f-a0a0-4429222362aa_784153788	en
1ecab6a1-0df6-46bd-9e78-f5a9e2284292_803165089	en
1ecd9fe5-88fc-4c0c-b2d5-68f1eaf7d287_1047154015	en
1ecd9fe5-88fc-4c0c-b2d5-68f1eaf7d287_508449113	ru
1ece128a-a811-477d-a87c-90d6d3478db3_966630033	zh
1edb0b94-55bb-4413-b574-8f2faf3348c5_9702133	es
1edb94e7-dfe4-4764-921c-a8680aa473f1_354143124	en
1ee6c17b-8172-43f1-af71-eaa9cf823d1d_13284137	en
1ee6c17b-8172-43f1-af71-eaa9cf823d1d_222235844	en
1ee6c17b-8172-43f1-af71-eaa9cf823d1d_45577422	zh
1ee6c17b-8172-43f1-af71-eaa9cf823d1d_776798928	en
1ef2e84a-7d76-412f-a27e-feda110a2063_512374813	zh
1efd7224-0a9e-4c9a-9472-ff62364527fe_529672950	es
1f20b9f5-317b-41f3-8d22-374b78b5cb3a_894215203	es
1f3d9875-3762-47ea-b1f6-552017f8f06a_626720021	es
1f3d9875-3762-47ea-b1f6-552017f8f06a_660926397	ru
1f4bcc81-e16a-4fc7-a6f3-d5c40640e58f_134860198	en
1f4bcc81-e16a-4fc7-a6f3-d5c40640e58f_291106173	ru
1f64ec71-b884-4f7d-bf83-86fa509e92a2_291318248	en
1f7a213c-680e-4050-bd25-b345fbe0daa6_940612311	zh
1f881c37-eabe-49e3-9a97-4f74716de5fb_281785955	en
1f881c37-eabe-49e3-9a97-4f74716de5fb_514142103	es
1f8b8955-1117-4b2a-90eb-4b1f3c479788_418884853	es
1fa4308d-49e3-4b94-89c6-058084ec1236_708736074	es
1fa5291a-db7f-42ae-97c5-320e6918efca_810955935	zh
1fbde8f6-d908-4b6a-96e7-15ba7366c79b_427775590	en
1fd604e6-30ba-4b91-b53c-ecb5241f2624_163337628	en
1fd604e6-30ba-4b91-b53c-ecb5241f2624_884362196	zh
1fd7ac1d-90dd-421d-9ac9-36ffc0b32350_793907223	en
1fdc7c72-e7d4-40b6-8ab6-719ea42399e9_984276093	en
1ffd4634-0455-4281-a697-1aee46e57932_116010611	en
2009f385-c889-4c28-b24a-7fd0b5438e75_16140872	zh
2038534e-626b-4837-82c8-7d9d48aa1906_1005115032	ru
203e0b87-87a5-4c7a-9ed3-18ef5d61c7e4_58794182	zh
20483de8-b974-4996-8177-101e8693994d_362573146	es
206276b7-7de2-4dab-9189-36c5eec717e8_279461601	zh
20730111-12b1-4e32-80c2-eb331bc257ff_324590772	en
209000c5-8d25-45e0-b8ef-29c7ff867850_217081224	en
209b68d0-d6b6-4d4b-b3c8-a8c0ff56f3a2_844420570	zh
20a6f82c-5d05-4909-b7f9-07097efa730a_270941785	es
20ab6244-1bf9-4dd1-803b-156d39c6fd6e_882245544	es
20c728e6-df7a-4d71-a92a-dec7a1a0e464_131015256	es
20c7f00b-cb7d-49f4-bff5-fdacc6cad26d_747926316	ru
20cca1f7-1f29-4bef-9a0d-eea66019b92a_90832151	ru
20d0551d-c85d-4f17-b066-f9592a989cd1_744700146	en
20d8a15d-878a-4d0b-bc36-4615c82a868c_921900651	zh
20f3e359-b1eb-4e2d-bb61-a473b66fab01_545943693	en
20f3e359-b1eb-4e2d-bb61-a473b66fab01_997069963	es
20fee0b6-1a01-49a4-a1ae-706c6ee50f18_780359407	zh
21058bc8-c335-4a30-8f66-6b528094a9d1_6574761	en
2114f7e1-a382-4122-8e3b-254dd1ac8193_630914467	zh
21181893-4474-473e-9a1b-13c6ff35376f_736142237	zh
2138cbed-bdaa-4084-a6e2-b91f7565cdfe_835984023	en
21689db3-f0a9-454c-bdd8-b1dc9486fecf_381838938	en
21bf354d-f8ba-4002-a234-4dec5f8b44d4_607435167	zh
221868f9-43d0-4d6d-99f0-010034e0add7_478230820	zh
221868f9-43d0-4d6d-99f0-010034e0add7_517706171	es
222175ea-1b74-4a30-8ec4-11db64893785_92053467	zh
22630d71-6a6a-4e33-9d66-4fedc0ff1c1b_1039369	en
226d9601-5c18-49af-bc51-d007f5d3617d_264544921	zh
22725b55-f672-45ba-a046-731a53de2c17_73409445	en
22783762-0562-4cf0-bd52-4a8a39cccb8e_336430764	en
22870f71-c289-438f-a54a-480999fbfc79_695291349	ru
229d4fac-4ad8-48c7-87fa-4b815a9166db_922407580	en
22aa2a68-e2a7-420d-a0b9-7306611092d0_583021	es
22b07b34-5222-49a7-889f-95c6147e786e_133549994	en
22c90958-1854-4ddc-8526-9b7f169a836d_843273430	es
22d4235e-61e8-4357-90fe-d28d4ec3c039_400673517	ru
22ea8881-52fd-4fe3-8644-ddb40ad15532_76781400	en
2319bd86-c67c-46d5-879f-ea2d6943c6ce_43328611	es
232fd06e-ad43-4690-b7db-de003450b517_27984546	es
2352c45c-39b2-4df3-9892-d6c25ca72c9f_146503475	es
2358b9e8-6b19-4811-8183-ab1dbaeaf65e_525705914	zh
2359846c-d713-4d52-8f2c-ad6546b2bea1_198194559	ru
2361465d-d615-4e98-9335-c035a27fbc5c_488167211	en
2367fd4b-82dd-4015-83e9-63da0c9c90a4_683991413	es
23787d87-48cd-4f56-a076-c0a0c72cc698_751107638	ru
23804980-872e-4fdd-b3ab-902c603b9358_904350512	en
238ccfbe-3980-4f76-bb59-7ffafa95f46c_152043753	zh
2390bb39-226b-4fd8-9df9-bcb36c6eec26_1038491911	en
2390bb39-226b-4fd8-9df9-bcb36c6eec26_744871782	zh
2396677b-3d21-47e2-9ba6-b22e23f1cad7_223887485	ru
2397f6d4-2b99-478f-93d7-6d6178b0d155_932726531	ru
23e7b678-4337-4c02-b954-9f599efe2d4d_271996173	zh
2412d502-6860-4003-9b7f-883094422492_866901830	en
242c3aea-8a08-4935-a283-73c80df3539a_59322437	zh
242c3aea-8a08-4935-a283-73c80df3539a_712443898	zh
246344c1-6841-426e-bc0e-1e2eaea48a8e_138601033	zh
246344c1-6841-426e-bc0e-1e2eaea48a8e_756840220	zh
2472c8f0-cc1f-41b7-ada9-e6d18bd1eba7_850845419	en
247c8bc7-b6e7-4b3f-a9ae-f9c1556bc684_89451485	es
24961526-9c9a-4bc6-87f5-cd757c1305eb_733435403	zh
24a1a1aa-c27c-4cc7-a605-b85da9eb7ae0_681995671	ru
24b5c638-af72-45f1-85f6-0c3059dcf120_27542369	en
24b5e92f-ac60-4068-8b1b-0baa2bb92457_574965649	es
24f6431e-67b2-4f48-a838-9afa3aabb257_288216848	en
24f6431e-67b2-4f48-a838-9afa3aabb257_343650996	en
24fc3cb2-c7d9-495f-bdbe-db8bcfdf618d_12902682	en
2506ada8-3342-4947-bc36-4c7a0fc9a487_251130907	es
253a6aef-897b-4643-9821-01b5e2d15d0f_514405814	es
2549d947-02da-49a6-a1d0-512725dc89ea_28876980	en
254e5b6c-30dd-4363-b806-3228a7949209_685089291	en
254eab39-c4a2-458e-95af-00d19abd69a5_316026128	es
25548836-f73c-4fd9-b12a-9d7190381018_941506130	en
255774c3-afea-46f5-84b2-4cc67defe282_1010552779	zh
255be4d4-2749-4535-a0f7-04803a9d91e2_433352733	zh
25730d40-5bfc-41b5-a011-b31dcb46cf2b_435432707	zh
258fd8d8-b950-4eba-9cd3-1847583ec54b_92486880	en
25a56293-2f73-4173-bc6e-c760e5d9ea19_221100065	en
25bfb6c7-4da4-411c-8d0a-f7dc061315e2_222235769	zh
260646a0-fdae-4efd-8ad7-847ffb211a12_869537190	en
260fd02d-b3ec-4ec7-b758-590289191512_191994900	ru
2617369e-0754-48c8-a2bc-24a1516366a2_22531063	zh
262765a4-72f4-4475-9a99-4e18d21d394f_101929553	en
262765a4-72f4-4475-9a99-4e18d21d394f_748718938	ru
26344566-3584-4553-a9f0-a09b668947df_968473844	en
26447e4c-8696-4e80-a165-404da53d436f_660881058	en
2650be4c-c741-4dc0-aaaa-1e27a1350eb5_312290927	zh
2683bfc4-1709-43ed-9ec6-3d9c47c598d1_411430040	es
268a2800-ed6e-462b-862b-048a3dd00484_209303244	zh
268a2800-ed6e-462b-862b-048a3dd00484_770904447	zh
268db5f5-89e7-475f-9bb4-ccc782ca0b65_114657004	zh
26c74cec-80f3-48e4-a0f7-2f66c6e752c4_618472488	en
26d1695d-50df-47e1-bbb7-24fb6b7e593f_882930521	es
271671f0-6c94-4942-a190-b98ef346ac8e_716543467	zh
271ae23c-8699-4bbd-8731-55d68818c857_12680303	zh
271ae23c-8699-4bbd-8731-55d68818c857_14024643	zh
271ae23c-8699-4bbd-8731-55d68818c857_732440400	zh
27271ae9-d470-4ec5-bf30-8b2b493172c7_154945566	en
2738bb68-04d2-47a7-9177-caca0adfe140_925649520	en
2745adc4-0096-400c-9988-0df01fc60f8e_330439728	zh
27643440-babe-4ee3-b112-80900db2607d_533507413	es
27682f1d-0698-47e1-89a2-7ddb74fe2db0_161048590	en
279c128a-013a-4d12-b1c2-847747388d22_1024686350	ru
27be0936-3897-4fa2-a351-3ca085169435_546830785	zh
27c074b0-3a1d-4833-baa7-2b86649d30a2_948693726	ru
27c14f3c-c5ac-4a72-8dbd-cc0333fbe0b7_300780111	zh
27d2d348-5c01-411c-a33e-f0ca0a55e596_5700314	zh
27dfb256-0795-4fce-bf07-852e07ed8fa0_1045208897	ru
27dfb256-0795-4fce-bf07-852e07ed8fa0_450255623	ru
2810ca26-ed32-460a-b963-413bd68c79d7_865823622	en
2810ca26-ed32-460a-b963-413bd68c79d7_876353793	zh
284df503-2df7-4733-a75c-245cd0920663_849142250	zh
284df503-2df7-4733-a75c-245cd0920663_963697598	zh
2850b41b-32a7-47ec-9052-8e372c44c7bf_992608624	en
286f37af-d511-40ae-b418-42b9fdd22857_66784769	zh
2871e86c-9d4a-438e-8a2a-be1ace4143e2_453626767	en
2877fe66-886e-48b0-9f84-e087b66f808a_362375351	en
288c25f3-22be-4d86-b9b2-677b075b265a_903940487	zh
28a083d6-e397-4b10-96c8-683ddd70ae01_475928787	es
28b698b2-3559-495b-9426-2b100112609a_567096507	en
28e2f037-76e5-4c01-9951-7f2902da1a00_273606168	es
28e2f037-76e5-4c01-9951-7f2902da1a00_286791804	es
28ef74bb-1e84-4ca1-8615-09991b3a518f_458903624	ru
29007cee-8003-4952-b0c7-0dc8333a0c11_272610272	ru
291c2e4b-4672-4e22-b68e-405498454519_284926916	ru
291df366-a4a3-4756-a854-fa829ebbe61e_40634647	en
293f43a8-c7cb-484d-a460-4e078319ace0_49684053	en
2957462f-ec34-4da8-abd2-b95595e68dff_252782216	es
2957462f-ec34-4da8-abd2-b95595e68dff_545110568	es
29586042-926a-40b6-92cf-d94bb3c186df_516327473	en
296c7caa-2edb-40d8-967a-fdeb04249e86_1045817982	zh
296c7caa-2edb-40d8-967a-fdeb04249e86_712581170	es
2990af1b-c7a6-422c-b322-682c563674ad_549763886	en
2991d831-e12b-4973-b4b2-f77ddd0f4703_1057018575	zh
2999ae64-40df-4631-9ec5-f935f1a3fe60_1046901692	zh
29a4bbe2-a783-449c-b032-3c07f04e946e_194913278	zh
29a85ba2-8aa1-4817-aea6-ff5302b9b10b_743280108	en
29cf6bfd-65dc-4e99-ab1a-77c5c0031cb4_106368443	zh
29d6437d-4f13-4797-8882-0ce72a5a269e_998887488	zh
29d82186-1e69-4709-a46d-381ee13ccb43_266298247	ru
29daa803-2594-4cfa-a45d-b2b2871efbf9_413252169	es
29eb6455-0d54-4901-b651-5c4d3c44f6cb_1066246993	es
2a15d037-d627-4d81-81ef-08315a0bade7_189128175	en
2a206cad-b81b-4e4c-8517-ee2aebda77ba_530173079	en
2a3129e9-7407-453a-a22c-35872c9a3e0d_198401727	en
2a3e3a47-cd3f-4a0d-b727-b869ca3278f3_31837996	zh
2a3e3a47-cd3f-4a0d-b727-b869ca3278f3_437041823	en
2a517f5e-36cb-4fa9-98b9-305623b04364_351427440	es
2a859266-c8c8-4bdb-9811-2d3a9e5a47c6_76244404	zh
2a8623b0-4258-41bb-a0d8-31769345a5ad_753560207	es
2acb5256-c871-4590-8273-54f8000f9d22_1058827950	es
2ad20757-cf99-45ef-95f9-e03bbcd97b21_115083138	zh
2ad20b28-ab9e-4959-92c6-6b29708aba7f_132916099	en
2ad5a0c6-4e64-49ff-bb7f-8e6775ff1a44_600570293	es
2ae6927f-bef9-4b8b-b9fc-80626f4e0499_341281434	en
2ae70d5b-1f53-4306-92f6-3915d3c0f07f_91417708	ru
2aea4544-700d-4699-812f-150d4761abbb_509849569	es
2b192a01-09b3-4074-93e6-42dc82e745fe_399204411	zh
2b1d67a7-3bef-45b5-86aa-6c443ae85032_646792047	en
2b4f7d45-0350-4be4-a024-335c97a431fe_424184230	zh
2b4f7d45-0350-4be4-a024-335c97a431fe_920782050	zh
2b5ceb62-31d6-48ad-8423-155cdb1eb5a7_115105120	ru
2b6f36d4-8ec5-49e5-8af0-55d646580c30_456114460	es
2b9770c6-2126-41c8-bc7a-722a5c75865c_120614464	zh
2bac4006-bc91-4a19-9dd2-b3133fd76f54_113741790	en
2be21c6a-25f3-4da9-bed4-28ca5ea6f610_121627910	zh
2bf40918-a2ad-4835-9f0d-b10e4a1ada5d_218317029	zh
2c135e7b-5ca0-4f5d-a5b2-41750412e1f7_317563268	ru
2c18e19e-685f-47ff-979e-9e08712b6ca5_275088032	zh
2c1d513b-d341-4b20-b725-4a1b3ba999fc_667769273	en
2c1e9327-ee00-4920-a193-13f3417c546b_546410363	es
2c1e9327-ee00-4920-a193-13f3417c546b_588314482	es
2c2242c7-c110-43be-8397-8c2fd4547d6c_224564410	zh
2c2e58c3-65b8-423f-bacd-c1cc15eae8df_307531351	ru
2c344e9d-d49a-4568-aad4-5b176a1c1394_33392953	en
2c364734-73d2-4072-8717-a4566430d6ce_58098793	es
2c37e91d-f486-40c4-a06d-c3999d7f385b_280270993	ru
2c3c05f1-4b72-4eae-a400-8ed8622c50cf_612287905	ru
2c43d73c-e71d-4383-8110-0fcf25b14544_532089430	zh
2c4d098c-901b-490b-b78f-da9808011422_896630536	en
2c65be80-a5b2-4298-8449-9c18dbba0384_765818565	en
2c74435d-641e-4696-8291-afa97714cb06_256009298	en
2c766754-2758-4053-8af7-182f871f4689_220287349	en
2c766754-2758-4053-8af7-182f871f4689_279891201	ru
2ca53d0e-ff64-44d3-8746-7d5017a9ed99_875441466	en
2cbdd8fc-f513-4ca2-a9e7-03ed7d719cd0_144089071	en
2cd59861-ef91-41c1-a09b-2492f149c4ba_820903972	es
2ce43fa6-91b1-42e5-a4ca-71c59f8723b3_803138288	es
2cfe3027-6dff-47a7-8e77-442d0a8110ad_954718097	es
2d1edef3-89a1-4681-983a-8b91c6f05548_1068182078	zh
2d43eb04-5d8b-4a30-bed0-4156dde6a2bd_960254306	es
2d4966ac-ea84-41e1-9e46-8344e346268b_170575166	ru
2d51a0ce-949d-427d-9e29-4236e5400bcc_1072019747	zh
2d807d72-fb99-4495-af1c-a21b9866bbe6_649473522	ru
2d8da2b8-fcc5-4fc4-8f9d-f59f93962535_587555069	es
2d979a03-cbfe-438a-a83d-a3c958bb7d0f_837927564	en
2da64274-ffd5-4f99-a815-4b328d90ac9f_207652432	en
2dc0a98a-9b31-499b-a901-bfd38a3999c2_156208387	es
2dc0a98a-9b31-499b-a901-bfd38a3999c2_419814260	zh
2de83c41-1e70-4679-a22e-3b5ae1028047_873592100	en
2deeb541-3438-4bb5-8287-a142f1cac4f7_109304293	en
2df6d701-5c0a-4d70-99c8-a1f9edfce86b_594184426	ru
2e0ebbe2-4fe9-4eee-8f13-fc565c27187f_472396689	en
2e1ca494-945c-4cc8-b0fa-b2dd7abeceba_587745374	ru
2e20839f-a63e-4601-b1c2-3e34c43b0d0e_327333614	en
2e20839f-a63e-4601-b1c2-3e34c43b0d0e_703424501	en
2e2a3c56-85ef-4c9a-9a51-d4494940c73a_608554033	zh
2e313128-0a58-4c8b-8b60-fc36c2a1c482_745864097	es
2e47f6de-c623-4fa5-afb0-4499b919cd32_217993391	es
2e61d3a9-0355-4af8-b64e-1d3c99a65f04_184796396	en
2e6e61ec-8d71-4e20-b80c-bec5c67beca6_156366416	es
2e719d0e-c92e-4377-9893-e188e27e14f1_241720256	es
2e7708a3-785b-4bc9-aad7-3242ad203d46_71973456	ru
2e8630d2-a9af-455e-be35-3249a6fdf9c6_697568037	ru
2e8cccad-8789-4cd0-b854-086d4b88a391_475295329	zh
2e8cccad-8789-4cd0-b854-086d4b88a391_678913953	en
2e8cccad-8789-4cd0-b854-086d4b88a391_797935786	es
2eb6ae08-3560-4274-8d76-c58e69722c98_229924932	ru
2ec2634d-44ea-49f2-a7f0-9c8fd79e8134_348983	en
2ec2634d-44ea-49f2-a7f0-9c8fd79e8134_820593786	es
2ed62a15-57e7-40b7-95f4-4c71dd6ece46_364831994	en
2f09fb31-19c6-4af5-8935-790026aa7d59_215115884	zh
2f1882ba-1cba-4b44-a150-bc08085251bd_391424846	es
2f26054e-8106-4596-95db-105ebbf9b9e7_447898191	en
2f2e901b-c1bf-48a8-b14b-d3e64c2c0f9f_649522424	en
2f3e2874-0971-43b2-ace9-e5068d430a8c_1027335561	zh
2f5dde1a-c801-4c70-92dd-f8fad8b99f50_707058622	ru
2f627aaa-b4a8-4a33-9ccf-b05c0d4153e9_633983784	es
2f9b922e-28ba-4583-9792-e998e3d8c90d_336053319	es
2fa62963-3b18-45f1-aa24-3bd2c4f13f8c_825884209	ru
2fb35de0-46d3-4e71-bf84-ea5a7d6b4482_195970869	en
2fb8c6af-a150-409d-b88c-1c9da38adb9c_285681723	en
2ff26f3c-84cb-4ac7-a641-7ffa044f2470_887984713	es
30319062-42d3-476e-a203-236edd40dbe2_138502173	es
30319062-42d3-476e-a203-236edd40dbe2_610506847	en
30352a26-e017-4677-a991-10c0798b1127_210672274	en
304113ce-6bc7-45b8-a85f-effb2bb8f886_456901020	zh
30974cea-a3a0-456f-b7a7-2bc98513c9ac_925380887	zh
309c2989-754f-426b-aa40-27c2bd37742b_80491222	en
30c19914-d236-4b7c-a646-8ee804510d59_719526242	en
30c793aa-61bc-4aef-a97c-d1010fe42a26_179097097	en
30e87d06-7f70-4eca-8ba0-68d1b20d789a_696201015	ru
30f9f236-edf3-402b-9481-1c675484dcff_293073844	zh
313b2694-7217-4923-b054-2e94769a25b5_874112540	en
315591b6-cca2-4ab9-95bc-df354577cf0c_407431996	es
316e5fbc-8130-47a1-826a-facaa0bdef8f_603932443	es
3178a75c-7555-41d0-b424-58827810c40f_709565250	es
317c961c-c3b3-445d-8102-69ee959d3b01_949746868	es
317fe716-ff04-457d-bfb5-6d537ebc29c2_794798782	en
31a71e9c-265e-4477-bf54-a26860f8b614_224913136	es
31ae7fc6-b012-4d2f-a1af-e50a50021022_976394386	en
31c31b81-de60-40fd-8c93-e0a3ff8525cf_96781255	ru
31c70b50-314a-451d-8d3d-92fbebefbed1_986245982	en
31f38055-0ce1-40d7-b43c-6926248040e2_674367670	en
3201c7b7-10b2-4874-84e5-e8cf38db04f3_1052558518	en
321f89a2-9c5e-41fa-bfab-b8ff2399f0fb_219533937	ru
321f89a2-9c5e-41fa-bfab-b8ff2399f0fb_27516492	en
321f89a2-9c5e-41fa-bfab-b8ff2399f0fb_572290308	en
321f89a2-9c5e-41fa-bfab-b8ff2399f0fb_777346916	en
321f89a2-9c5e-41fa-bfab-b8ff2399f0fb_94758928	en
321fc5e9-9098-417a-a601-7a026e154d1c_918766522	en
322c4b61-a955-4c47-9b24-ff8e99b8e520_978271692	es
3248ddf8-0b2d-4bf1-b348-b7cebe64e910_666964176	es
3277ab63-37f3-405e-ab51-f7e8d5533d0f_290219763	en
327b0b71-ada3-4184-ac5c-9feb7b01cea1_492406898	zh
32849ecd-6cde-4392-af40-cafacc092c8a_199273162	es
32849ecd-6cde-4392-af40-cafacc092c8a_455946640	en
329624df-3412-4f1c-b2c3-f29ed531008a_611077319	en
3296ab31-46bf-4cb3-b6b7-7417d785bed8_310660036	es
32b6eaf1-5f6f-491d-857d-dde17d9cd86d_223087403	zh
32d010cb-7f1f-4df4-a275-73dca7c0dff3_533739107	es
32d7588c-78c7-4a0e-a926-76a118bf614a_8402124	en
32f79ccf-9c2d-4c17-9b0d-835e372d3d7a_416642394	es
33041b78-41a9-4f3f-adcd-88eb6d433f00_78761938	en
33136208-3461-4d4b-b64d-610666a270db_447407804	es
331c1964-cad2-46bd-8bf4-1a709da9006f_204134806	zh
33253149-3071-4359-aa80-aa606ec11c77_712960584	ru
332d58f2-2037-4be4-91d5-f66a2301d41a_337461556	es
333b3c89-a945-4ca9-9c99-ee930821ebc3_383899065	ru
334caa9b-f93d-4176-874b-687db0ca731d_304155897	en
336105f6-2e89-4bbf-b2b7-65635cd8d8c9_129258742	en
33730c3a-00d9-4860-adc1-e8c493a16d41_783854452	zh
3377bf2e-5448-40fb-8630-c1174c8cf986_61935464	es
33867dc8-fe68-4385-b721-09b180b40953_248980526	zh
33867dc8-fe68-4385-b721-09b180b40953_966396514	zh
33a5940b-c1e8-479f-b556-db5a598b5c06_679716833	zh
33ce85ac-e3f6-4232-941b-5a1c308cda55_129146529	es
33d57b67-e87b-4910-876d-f625f23cc8b3_341873487	en
33d57b67-e87b-4910-876d-f625f23cc8b3_785449068	ru
3404b487-bce3-47ec-b675-bea481c6a4ed_778990692	en
341bee5c-79b9-4416-abc3-378772e3564f_574750265	zh
341bee5c-79b9-4416-abc3-378772e3564f_753249668	en
3430cc67-3875-44e1-bc76-6f8e78a80573_608718152	es
34326797-6354-4de3-ac2d-2d8535052275_727161013	en
344e06c7-eec0-44d2-a356-6e50dfa29176_816444128	es
34766967-54de-4282-b4da-18489de57159_398006730	en
34834dc2-68e0-48f0-941d-a75fdb6a9e41_585404031	zh
349388db-6eb9-4e2d-b3d9-99fcebb7a1f5_1036762540	es
34a0085f-e403-43a5-8b9f-4149130f8068_379035674	en
34bd4e92-86da-4bbd-9e68-489fd37f0abc_1030975570	ru
34d7a6dc-80c8-4e2f-8ad0-d4a9a8dae8b7_905819482	es
34d7a6dc-80c8-4e2f-8ad0-d4a9a8dae8b7_993922203	zh
34de6b7b-86c5-4bc4-9689-de2bb32ecc72_688159481	ru
34e6cb3e-9956-44b2-a82e-15d25b404794_705479120	en
34fc7169-cc96-4e13-b08d-9587aeb9554e_255590774	es
350080fa-b3ac-42ee-99ca-41216de0aa1a_734880703	zh
353050f1-c283-4a76-8980-b894a2539d25_648821043	en
35481bf2-4a24-4244-8e44-aa5765ce15f7_839573328	es
35568d12-4d01-4494-a873-84287803a65b_974715008	ru
35572c1c-3a44-440f-8d64-0b2d1ee00d2d_948611970	es
3568c5e1-4970-4e85-9014-511f04986cca_610553191	es
3568c5e1-4970-4e85-9014-511f04986cca_85140051	en
356b2658-173c-42db-8a1f-e2337db83f07_644800375	es
356b2658-173c-42db-8a1f-e2337db83f07_649063227	en
356b2658-173c-42db-8a1f-e2337db83f07_99711021	en
357f02be-38e9-4620-8241-7ff7547ebd9e_991256219	en
35865c8b-32e3-4249-b335-a0d6229f25e3_461108784	ru
35865c8b-32e3-4249-b335-a0d6229f25e3_769009682	en
358f16de-6675-4cc2-be41-322898295576_512231931	en
3590216e-19e7-4d42-91d6-a888b1f3a57d_82045709	en
3596dc25-efa6-4aeb-bfcd-51298b1140a1_249422874	en
35b0820d-b653-44d7-87f0-d6671d86ac5b_81675055	en
35b4a385-6b51-43ff-9497-d2348242afa1_4546091	en
35b8ffac-1e7f-4f57-874e-c502e68ec388_1051994720	zh
35c4224d-95c9-47e8-a113-fe1a3f697f49_423153111	en
35cd1314-709d-46c5-b419-8c30d4332555_485302122	zh
35d65ccc-c297-47b4-b8e2-c3509636686c_960545527	en
35f4e118-c28b-4580-b63e-9491d806b2d0_447357646	zh
36090afe-de67-4a3e-ae6b-8fc0b6ba167a_367575542	en
360f78ce-028b-4b2c-a814-7130962bf7e8_720695847	en
36100747-d45a-4bb0-b73b-9979ff2f9f7b_63308733	es
3613edc3-8524-43f2-a74f-3e5768d21a7a_796873078	es
3635517a-69e8-4215-925b-542efec94a4d_658296925	en
3643830c-5eef-4cf3-93a5-3b25c0452d74_520605596	zh
364fec63-6519-44df-9066-eca5d7aa702e_291283990	es
36533c27-3703-40d1-a472-11fa08938d07_868770787	zh
3685b4ad-2fb4-442f-99cc-66453e83869d_835751888	en
36ab387d-c3c6-4d5a-923e-4e08e0d4373d_185366179	zh
36c11e97-2c15-487b-9bd7-9ec47c483200_182253713	ru
36d42ad0-3e26-4d46-8218-6ebd2673f50f_771792972	en
37022fcf-1259-41ed-b209-7b8279a72f28_1010147284	en
3705fed8-4ecc-4e5e-b0b2-3aca2f6928ce_552748623	es
37088f4b-ddef-4df5-8688-d64fa58582c1_744953020	zh
3719f558-6468-455c-88ee-cf264ce78462_250145203	en
3728bfd0-986d-4f6e-b0ba-74326c5d0606_409245463	zh
3731dd9c-7f87-406d-be1e-89fd9ca75086_251342700	zh
3731dd9c-7f87-406d-be1e-89fd9ca75086_673671075	en
373264b5-7109-4ac4-a86f-c0d05c94360b_417677166	en
373264b5-7109-4ac4-a86f-c0d05c94360b_919640218	es
37abb26b-2d94-4bf3-9f92-a1321131f4fa_294998231	en
37bc97db-362a-4491-a54c-8b631e1ed92c_808331446	es
37c61436-a1f0-474f-9049-4221727e4f1e_238806114	es
37da39db-05f7-4daa-82bf-a5742b0adfa3_538455348	es
37de441d-474c-4956-b9f4-65552d091997_150294149	es
37e0b781-4c2a-44c1-bed6-e2c232792ed9_296015262	zh
3809c4e6-1cfb-4455-9fcd-cc84a9988149_442930197	es
380a37d1-8bed-4499-8d43-a6a202a57199_297514692	es
380ab81f-c5ed-46e6-8c1b-7ef1d4191c8f_948376183	es
3815132f-21a3-4c7f-b126-01f4401b6194_568024446	ru
3817fadd-83d1-444e-8d1f-fe1d92861993_30227507	en
384282a5-6b02-4c5e-a75f-e972544aefb7_311653674	en
3856d498-622d-41a6-b3a5-673486b2b5f8_774753634	es
385cf626-7371-4430-ab5e-4a680e4154fe_651291104	zh
385cf626-7371-4430-ab5e-4a680e4154fe_678609505	zh
38762ace-8fd5-4c14-a0e3-5b0f451046df_71671318	en
387ac554-ac20-4274-903e-34c8d73ab0b8_1029052733	zh
388ba3a4-cb8f-4dd7-acf6-ab9d8a47f29d_690896060	es
388feb07-c55e-427f-96e0-635f256b88e9_572636076	zh
38989a83-3329-464d-abe4-595a180e7929_188682995	en
389a0269-2ca9-446e-b8d4-d2c85f6c0f23_126452928	en
38bed075-33d8-4770-8408-e688c56aee66_733938944	ru
38c15c71-31f0-4e00-89dd-6bc642ea35eb_330729539	ru
38ffa04e-a82a-4750-aa77-a9f80db41c13_377913509	es
3918cf76-b54e-4ff9-a487-91543a7dbaf8_42283845	zh
395e4fa5-0be4-4652-8c89-97d4ad5451f7_741052927	es
399becf2-a8c7-44cd-9368-b45c5b0e5c22_994818075	en
39a25bd7-7349-4629-92fc-d88118da19c2_654636444	es
39a977db-7c91-4a93-aee0-6a03235189c7_110152043	ru
39aed012-0b68-4bbf-9378-1fdeeee7b06d_889900692	zh
39b4c476-5327-4606-bcd3-a35fbc5d0d0b_717672156	ru
39d1fcd2-d698-43d5-bb71-7ab9ccb2e08b_589068351	es
39e6d835-9798-4d9d-9889-c39b924a158e_314646585	zh
39f5cfa5-5fc0-4749-863f-e7fbd4c1ff19_406007110	zh
3a1bec93-147b-4615-bafe-1738764db81f_141832201	ru
3a4ce0e6-4dc9-4a4c-bbde-29e200d4f00b_580621343	ru
3a4ce0e6-4dc9-4a4c-bbde-29e200d4f00b_660522665	en
3a5a6802-27db-415f-8580-9ba0f8a10ddf_134692916	zh
3a646b9f-4d23-4e50-befd-a9127882947a_946526180	en
3a66cb71-ba4f-44fe-a503-8ab0503e7468_34119612	es
3a66cb71-ba4f-44fe-a503-8ab0503e7468_404705472	en
3a6c792e-4334-4d2c-a9e2-4f628a43b5a2_1062328056	ru
3a7b7b26-170f-4ea3-a1d0-5578b3f44318_774004626	zh
3a7c7a07-65cc-48e7-a713-a7098304b80b_193430936	zh
3a844a03-f98b-489b-9ab0-919f2830d3ee_792796716	es
3a844a03-f98b-489b-9ab0-919f2830d3ee_900802179	es
3a871b3b-3ff0-49f1-9443-6af2b2134450_427755044	en
3a8a84fc-3d0c-41fe-83b7-db251d602e82_156287364	zh
3aa41804-6afc-460f-92d1-fe6eea333731_335863636	en
3aa87a98-b367-4ba4-b926-b143a4ddad98_540195580	en
3ab54791-be3d-42a8-90c3-ae498128d38a_881843027	es
3ac3904d-acf9-40f1-b060-902bf0ec2b85_181656884	en
3acc4cd4-8d0f-46d2-8a4b-02862de99114_852163241	en
3adbb0e0-5dec-4cea-a275-81d27db47cad_695190178	ru
3aee365a-d403-4b82-a544-25285be5d2f8_1055395614	en
3b006883-d796-441b-b752-442c9f394bf3_830534205	zh
3b0ab6c8-133a-4f41-a520-3770ed6f4e37_324218754	es
3b307e4e-1060-4af3-86f4-d896c8551b30_944594315	zh
3b3a3a42-fe78-4ad0-88dd-307e676ea40e_362364386	en
3b3e414b-9a7e-4582-8fb6-cbcd1a9dba1c_962449325	ru
3b44eb19-aad1-4f94-a615-e990013d97a2_32052633	en
3b4a4a6b-4eef-4f42-9da7-87e4e7326550_128822532	es
3b4a4a6b-4eef-4f42-9da7-87e4e7326550_61482547	ru
3b673b80-4734-4f9f-af5b-8f1a90f0eb12_96600421	zh
3b6d9587-da68-4230-986a-8d11eb6feafb_264491592	ru
3b6eb2a8-acb7-4c6a-9ab1-f702ce2233b0_248865088	zh
3b78a272-8ce3-4b4f-aaf7-cc30b1a4462b_354349794	ru
3b8da747-9ab3-4dc2-a054-22f98eae0917_964854516	zh
3bb7e46d-adc3-4916-bf51-2be19198db61_948784189	zh
3bdf2993-82ec-4c53-9303-c13447a0f65c_546102634	en
3be78f97-3e5c-4d2e-9010-53feac942feb_327972857	en
3be78f97-3e5c-4d2e-9010-53feac942feb_96194877	es
3be9e882-d2dd-4c21-8670-275d4f80e4ea_254491048	zh
3bf34e57-412f-4753-87c4-3da4a92c0ac5_56992004	en
3c058696-3cbd-4a1a-97c7-069887b0b6b9_338476128	es
3c0914f2-c862-4e8e-b9af-64497236daff_1029650534	zh
3c259329-a922-41e6-8396-6cf28886097d_846233849	en
3c5d9340-5663-4099-a8ce-1ca898b000e4_622874977	ru
3c68328a-73cc-4392-ac36-ae50f5a96d94_341805377	zh
3c6a0dba-96c3-4b2e-8d2d-bf7766f3e5fb_33566992	es
3c8f6e70-6cc0-40c0-8c89-8522519cef2b_507470115	en
3c9a4b96-4d2e-4ffe-b324-1d5fefe5afeb_144227886	ru
3c9a4b96-4d2e-4ffe-b324-1d5fefe5afeb_153337872	zh
3c9a4b96-4d2e-4ffe-b324-1d5fefe5afeb_514576188	en
3cbae934-0417-422a-a135-618f8b8a3818_593682391	en
3cbe8f35-a5b9-4f46-b9ab-0d00ea3b8196_572684353	es
3ce65f81-e93c-4e65-8546-9e40f94373ee_183751975	zh
3cf63c3b-0957-4177-9382-26d24b974605_75821965	en
3cf65a01-daa1-41eb-bb74-7f03f34c1b78_1021635853	en
3d0141e2-261f-468c-a831-5a800c32d062_540823933	zh
3d175958-95bc-43fe-88e1-e71e09541389_896193649	zh
3d278c11-db2d-406b-ba51-0f04fed90951_932906489	es
3d32f088-f3f5-4de4-a406-2f7269f84bc5_260069115	zh
3d4291f9-f01c-48e7-b025-ebbb1408add9_729836911	en
3d537975-ce9a-4fd8-8d1d-fca3991c4acb_474828275	en
3d8ca06d-3e6c-4691-87a8-c06b58f1ac08_592887528	es
3d93bc7b-c73e-49cb-95fd-1ec89de46444_706079188	es
3d94a113-8be5-4b31-826a-f96f2a728822_503806515	en
3db20cfc-2bdb-412b-bd31-bbd5a37be237_1056675498	es
3dbb5311-b1a9-482f-815e-6892a49512a7_136858918	es
3dbb5311-b1a9-482f-815e-6892a49512a7_258249377	zh
3dbb5311-b1a9-482f-815e-6892a49512a7_301491234	es
3dc64ebc-6544-42c0-9525-444cb42c15ef_368347951	zh
3dc64ebc-6544-42c0-9525-444cb42c15ef_379165417	zh
3de346ea-8aac-4b06-bbc5-8ad081ac9e43_954016209	zh
3dfc23b9-fa1d-46fc-8006-35f071f2d45c_329591222	ru
3e4b1810-1444-4896-91b0-b358c06cac24_135472761	en
3e5fa768-009a-4a09-bb55-8faec608a86c_732710679	es
3e768fe5-002c-4ebd-9b95-cb7846290cee_669608556	en
3e788625-4393-4d0c-8de8-321a550ea878_445827227	es
3e8e8436-7ebd-4285-830c-b1a534eb9826_15003655	zh
3eb487fb-fb41-4d1a-8f0a-b4f1cbc1ba99_76619419	en
3ec1a964-a0c8-4d95-bad2-687df58ce7fc_1052659705	en
3ecac608-a4cd-4897-be39-4e9b228c9af4_176549802	es
3f0232a3-7c69-494a-a747-3feefaf6613a_173751504	ru
3f0232a3-7c69-494a-a747-3feefaf6613a_243482707	en
3f19e134-d2df-4d51-82a0-cd3ae6b59404_212747937	zh
3f19e134-d2df-4d51-82a0-cd3ae6b59404_573181528	es
3f2668d2-a695-4d4c-a2be-36032d9a07f4_729202426	es
3f351b88-6ed0-4190-8533-63911b29a06c_902479589	es
3f5836f3-2d93-4e89-bfd7-22ed46230539_907426939	zh
3f601b01-fcdb-43f4-a626-2d4913753dcd_823082077	zh
3f7331b5-c977-4bdb-918a-f320ab880c12_856496571	es
3f8076e7-f98e-4344-a27e-5660a24b7d3e_226474619	en
3f933887-6fe2-42b6-b434-63f36d0875a2_995912639	es
3fa34ad9-9e14-4f34-9e38-fa3217b345cb_242867386	en
3facc3ef-1fa1-4713-9479-0ea1c9c52c8c_66637539	es
3faf51b3-209c-43be-9abb-23761bae0273_880801101	es
3fbb8101-e8e7-490a-b21d-96071b5b0f84_171140970	ru
3fc69ada-2a1c-4fd5-8170-51f5cd3e823c_793368353	zh
3fe4d0b1-2b6b-4f38-9673-2c29614c7295_993798690	es
3ffbf44f-b402-449a-a47d-e8759d8745e4_873745658	zh
40092a7a-ad12-42bd-8734-6c44a59da149_69828984	en
401cd12a-6c4c-4c7c-9ca3-dcf526538f39_152279097	en
401cd12a-6c4c-4c7c-9ca3-dcf526538f39_387176985	en
401cd12a-6c4c-4c7c-9ca3-dcf526538f39_904342603	zh
40309f90-c8de-4940-b688-8968543cd1c7_883644393	ru
40374166-0064-4cce-9977-2ff0f732ff0e_915493454	en
404b070d-f8bd-4b6d-839b-9cefe9de1c9e_555202349	zh
405e9c3b-bd35-46fb-a16b-8a6b2b393fd3_1049353077	ru
405e9c3b-bd35-46fb-a16b-8a6b2b393fd3_62408704	ru
40698f71-f3bc-420f-a52c-cf484181c355_305826651	es
40964108-2732-4354-aa7c-ba6275aa54c0_989786607	zh
40a14e3d-510e-463b-b9ab-5d5e7d92e8eb_543300851	en
40a14e3d-510e-463b-b9ab-5d5e7d92e8eb_742005416	zh
40a29509-1c71-487f-a5a5-e49c1c9e7d22_478343629	zh
40a29509-1c71-487f-a5a5-e49c1c9e7d22_753639927	ru
40a9d173-7c9f-4287-929f-1bb9bfeea99f_675657494	ru
40acd62d-8a03-44f4-817d-4ab8c39ee7a8_168704983	en
40acd62d-8a03-44f4-817d-4ab8c39ee7a8_350856957	es
40b0ac19-b2b5-4491-be2a-59a8bf2cf8d7_46022675	en
4120f817-3260-4744-987f-f290b174c71c_776707585	es
4125ffa3-d192-41cd-89f0-5b65f965516c_637679803	ru
413037d8-1af9-4aee-8559-bf8e0099d43d_533141711	es
41495999-2625-4ca9-ad7f-0aaf59a286b1_923501567	es
41541b00-f7b4-4a15-8ec7-2d7431c26695_34932720	en
4160fcb5-03f6-4f92-8a02-8bbfe276041b_1012441905	en
41683c73-aec7-4c50-aef8-8e150521012f_589296230	en
416b48af-bf81-458f-a771-001b7179e823_555844732	zh
41980aa6-72ed-4f2f-abe2-195bf15b1638_847316603	es
41a5c7b4-33fa-4c81-b493-a23818e1c63a_298714475	zh
41a63df4-05d2-412c-8093-b6cadb30e837_764257158	es
41c00a8f-33aa-42f9-963c-3e8549fa1dd5_715929542	zh
41c6b81d-926c-472d-9228-b56767997a63_654450900	en
41f49463-24eb-47b0-9c02-68a89c1eaf1c_711184699	zh
41f6fe75-f72c-4f37-b393-6575afd61d45_851844313	zh
41fb6714-d667-4c78-adce-967981d00bf3_436197344	en
41fcc110-95e3-461c-ac49-f4e5a2d2b435_1040035775	en
422667f5-49b5-41ea-addc-aa59d629acd3_799423971	zh
42267ff4-7467-4988-8141-57bda5e348b0_221924339	en
423606b1-68b0-447f-b87e-ac68fdecf8eb_106722101	zh
423df6a3-a4ed-4947-8412-90c15fd9a9c5_629899028	en
42480fe2-bc0f-4433-9aba-1ea52b352cbc_621460578	zh
426052f6-b135-43b3-a01b-58312d2f2067_216457661	en
426b3a4f-a15c-4b52-859b-db92588e4fcb_453267707	en
429054d9-92b9-4fb2-8296-e6452121de1d_700956948	es
429511f2-5677-4b7e-982e-cde625299bbb_5775151	en
42a041d3-ddee-4d0a-a12e-c69944b8b16f_800973068	en
42a4243a-4123-45a7-a135-4ae97b26b6f0_648530057	en
42b6afbd-16b3-4076-90eb-826c7201e9de_411214668	ru
42c2f9a0-f44d-4d89-85f5-293df654af55_30732747	en
42c925c6-bfd0-4f27-b8c0-bf17b7d2c948_31882509	es
42d2dd04-2bf9-46d9-86d3-29a232ccd4df_204065043	zh
42d2dd04-2bf9-46d9-86d3-29a232ccd4df_595727627	en
42ed1b64-4229-4026-8778-8f23d8fd76e6_440344084	en
42ed1b64-4229-4026-8778-8f23d8fd76e6_696667373	zh
43042e5a-95de-4fbc-ace5-756fe9433dc6_107383921	zh
4309e0f5-1a04-4aad-a536-9d21cb41100c_563271757	en
4309e0f5-1a04-4aad-a536-9d21cb41100c_805419438	en
432c943c-4692-4d68-a6b4-fa61fb6d41cb_938041229	es
43473172-4e7e-43b1-b9f5-92d16d94e2d1_914686981	zh
434c5ae2-1672-4c39-b446-65aff77076e5_592925618	zh
4374dd91-e1fd-4037-b3ca-e7c8f378884b_697757663	ru
43a94cad-8706-4fcb-a5d1-7146ad773527_147692184	zh
43bed5ff-727b-4d76-a9b5-443daf2025bb_415664620	en
43c05d2d-3088-43fb-8613-043dc66bd186_23277987	zh
43c9e158-f661-4b41-8cc0-853a9edfad87_82887590	ru
43d57f1a-73e4-4dd5-bf8d-efee34d98d24_264851753	en
43d57f1a-73e4-4dd5-bf8d-efee34d98d24_68342507	en
43ec8763-681b-4e58-952c-49176986ab13_851573966	zh
43f1f15c-3405-42ec-b296-394b1115b3e3_65100346	en
440ce368-b91e-4a9f-ab3f-defdabc9e049_362023422	zh
4434f5ac-4ef1-4387-9d32-31680ba913f7_26255982	es
443cce62-5a92-441b-a695-a778ccbb37fe_302787441	zh
44412435-e9c0-4c67-884b-33f6b773d299_514374209	es
4457d1f2-98c5-4f2f-8f43-34d55f1569b2_953500633	en
44891465-ddac-4c95-b166-56d24ceb1f4e_38746716	en
44891465-ddac-4c95-b166-56d24ceb1f4e_795563455	zh
44bb659e-fa26-4b07-b2e9-853a0c82c258_281793886	en
44bb659e-fa26-4b07-b2e9-853a0c82c258_91822243	ru
44c9e4a4-0855-4079-9a92-fccdb9854f39_573988159	en
44cafe6b-d17e-4d34-ba19-60425034fc25_66614027	en
44dd2404-cc9a-401f-a621-3e0da641aa53_519621935	ru
44e135e7-26f4-4011-986f-bb0f04b7116b_579477063	zh
4502ea6b-f423-4f08-b3e9-2c45e7a80185_38063418	en
4502ea6b-f423-4f08-b3e9-2c45e7a80185_615019742	zh
451c3315-e46a-4888-a635-1cad83dbc708_763985322	en
45215aed-649b-4e8b-8378-232300408e0a_299130351	en
45215aed-649b-4e8b-8378-232300408e0a_316182666	ru
4526a224-ca27-4a2f-8e20-cdfce60bc0b5_295175749	en
4548d75b-8c6f-4f51-9d25-488c637fab22_392469780	zh
45500e4d-841a-4cf8-a0c8-102642b2fbe2_381392460	en
456e527f-fc8c-42c9-be69-b941fb4fe762_702810668	en
45c110ec-f02f-4ac2-a501-b888e7d78819_1012364702	zh
45d02590-e8e0-44dc-ad59-5c5732268f7e_938168141	ru
45d947bf-fadb-4271-916a-56e01886d131_291300837	es
45daedee-06b5-4062-9ab3-f518a91a3f2d_431217636	zh
46137c4d-8854-468c-be37-75308cf7715e_769181841	es
46236d35-0864-44dd-85a0-d946401ab7e4_974835581	es
4633c78a-d293-4eb4-8a6c-39da72189c0f_870726534	en
463b03f3-cb63-4917-8d69-b74d9dad23b9_807527412	zh
4650d125-5e58-4f6a-9604-ed9ab11669bc_320693413	ru
468a8464-3e5c-4239-82e1-a871f28d3bdd_305914698	ru
46b1200b-35d3-48d8-abef-3b8ccce6587b_719554698	es
46b433d7-d293-4d6b-9e37-3d8245509fb6_127575488	en
46c5a1d3-9866-4023-ab70-dbccd9a4c98e_1028431075	en
46f13cae-3e20-48f9-a348-1495a6f868be_373986389	es
46f3530d-f23b-4cf7-a337-bcfd1da8706a_2425402	es
4768209a-637a-419a-bffe-913962ba9c83_673181774	en
477ae666-a5a4-4551-bb77-c4386180e1e8_621494034	zh
47924a7d-bc70-4886-b0b7-2a6c9ad45931_341218651	en
47938791-c172-43fe-9a49-6481c839b056_940472253	es
4796c046-7fb6-4cd7-a2ed-03923fed0941_866718880	zh
47ad5055-2e57-46b7-9704-454bd212d611_596168022	zh
47bae2bd-dabd-4e8d-838c-1bb3e08dfe13_26335459	es
47c8542f-09b4-49b7-8e0a-c6e5c108647c_350214024	en
47fdc9b8-f460-4870-99b2-063802f39d52_1059058309	zh
47ff7165-cbbf-4b49-a078-b8f70f7cd0a9_326924077	ru
47ff7165-cbbf-4b49-a078-b8f70f7cd0a9_836542238	zh
480af53d-9ed6-4ce2-be21-ff867dea29cb_494374948	es
483222b9-89da-40dc-a9fa-6fd5ee825442_324123317	zh
484de231-28f2-4081-8c48-ab587f0f91c9_725870087	en
484f56e6-92aa-4026-a616-a9ddffdb10d6_193811520	en
4899ace6-fad1-4338-a297-d26f777b8c67_349275277	zh
48a74b62-ebc6-4bef-90ff-7e50989b2448_683548932	en
48c69cfe-fd2b-46b6-823b-47183945eb7f_287210305	ru
48cb8ef3-0200-4361-8341-661ad392af21_84902725	zh
48f2d2ef-e7dc-4a58-9c83-4fbb99a61151_277827443	zh
48f2d2ef-e7dc-4a58-9c83-4fbb99a61151_430444893	zh
48f3bad7-76e3-4708-ab01-8ccb4c62d686_537231057	en
48f3bad7-76e3-4708-ab01-8ccb4c62d686_970395227	ru
49027e84-2ebb-404b-8c1c-1c2803089b9b_17566000	es
4910cb68-ad94-4742-b290-43f37d0d38a4_639234954	es
4914bbac-dacf-4111-b7aa-e6de64c07a7f_264302315	ru
491bbe28-aa17-4b38-8cff-44a7d3261136_1020711579	en
4932bae2-4ec8-49b2-99d4-ef0e30556c68_537156123	es
4935bc39-e6ed-4768-bba2-f2789433cf19_646369935	es
4970544f-7817-4976-80f1-a552eb9f9841_799057768	ru
49789548-6c56-4faf-ac04-9435def78d32_971252423	es
497eb71b-d62f-47b9-b161-41ba3b2402ff_919747884	es
49810f28-3381-4eee-a7bb-05cdee81bd3a_1062304474	zh
49841be9-7d8b-4db2-9720-bd5be39cd285_884581898	en
498fb750-d955-47f0-897a-3552eaf7fb96_973228598	zh
49a32570-ff2f-42b9-a29f-2206f0638df2_92298820	es
49b181e6-f86f-4933-a675-c87b088dd08a_79104845	ru
49be5c08-1d68-44dc-b081-bd58be5e90b3_127982406	zh
49db8e13-dba4-459a-b93b-b29ef52fee4d_33514840	ru
49e72e66-1a69-454d-9fce-29161b37cbbf_118713013	en
49e906e9-5fad-4d11-a47d-b4a3e7bf5b0a_303176862	es
49fe1317-028e-4005-9523-fcd1f319b9ef_683159427	en
4a33117e-c954-4cbf-91e0-45d8ef517f1a_915685738	en
4a34fd74-93e6-4837-a096-39bcabfab4d2_205514097	en
4a37fe83-87cd-4456-a481-c132f9b1f86a_11080161	zh
4a3e2ffc-7f8e-444a-9bcd-ea7dfeef1650_2705434	es
4a3ecec2-d6c5-4586-98fd-58eb4e07c7a0_637174744	zh
4a4d8d15-4754-48ca-9805-0f361045a4f1_8650954	en
4a5ce3d0-8126-4fa2-9459-9719c951847a_428529183	es
4a6279a3-1778-4360-aded-589e2a424759_400115491	en
4a6923ce-d6fc-4351-b440-291ef948f1fc_547686244	es
4a6f8b30-e1d2-4503-a54c-4842176faffd_53258681	zh
4a83ea27-3ee6-4db3-b50c-5749394f6a56_625844860	zh
4aae0aa8-9ffc-4396-8ca8-33abd6b9a5f2_506553154	ru
4ab81aed-f1a2-4e48-ade2-1d6fa54bcb36_270804214	es
4abcdc2b-3611-4d58-9329-e76dac9d4516_359617100	es
4ac35711-ac87-48ea-98f3-200f4bedf547_1068122842	es
4ae459ae-4d19-45ae-a066-d69ccb2c0ce3_520856604	es
4ae9ab23-464f-4a77-a0c6-6617fdab4b9a_763413587	es
4aeb6ffc-fc33-4c39-9cfc-5f4b6214bbea_327854283	en
4af06103-835c-42a7-aa33-03a1eeb88423_91037950	en
4b10396d-7b7c-4619-8af4-eb0fa9308b88_994670877	en
4b1c74ab-a32d-4766-ada1-3f1186f773d0_679505261	ru
4b27db30-ea13-402c-981b-3a39010f07f2_570687458	en
4b2ca9d9-3fa1-48ca-ade4-a64af53f4e57_20374419	en
4b348453-4052-4dcd-bb8f-461659b85180_439816806	ru
4b348453-4052-4dcd-bb8f-461659b85180_674107884	zh
4b615480-98ac-4492-afe4-2d314ae25fd4_714485029	zh
4b618b57-2533-4ce0-83e5-e7563d4f2860_309502114	en
4b7b2e66-ee70-426e-b6b1-ebfd29dca20b_1020737091	en
4b7c1a69-35c9-46ad-be33-c9c2a1beb012_120087574	en
4b9f585c-71a3-4458-af4b-77833a1f8214_998638594	ru
4ba15d10-6c38-48a0-8bc6-a4acdc286647_621468996	en
4ba599be-53a1-4a3c-9ce9-887a86e82c44_202342499	en
4ba956f3-7c4e-4d50-87e8-8cc095c8c950_973987639	zh
4bf10a0a-bfbf-484d-a793-279a46bb2dc6_895523175	zh
4bf39611-8834-4127-a3b2-8e1335709a50_778034759	zh
4bfb34e1-e6eb-4156-b1e3-685dea66b634_47540948	ru
4c1019bf-b49f-46c6-b66b-377d6c71b99d_753568647	en
4c116bac-e1c9-4b2b-9d58-c9a00d3eaadf_180680784	en
4c1f26a7-6489-40f3-9018-de91e0bae63b_760894625	zh
4c25b690-9ea8-4aeb-87e6-5180d95e8f04_226832797	es
4c2e7369-611e-4700-bff4-47f6f1e5069a_435526554	es
4c5303a6-ef77-4a48-90e4-bdad15b81fd4_189617878	zh
4c5ee6ef-bb0f-45eb-95ac-e733a19e104c_494693670	es
4c60a20d-bbf1-4ebf-83ff-9a514b8a5c59_386327461	ru
4c776202-438e-4b1b-add0-4396b5ada53c_432994790	es
4c859f72-cf7e-4ca8-8f61-0a076142abbd_395088272	zh
4c8f2c20-b44b-49a8-8944-3d2d503eeff7_676035174	zh
4c963c35-f506-483a-a3c3-2c52275c1533_75731260	en
4c963c35-f506-483a-a3c3-2c52275c1533_836108862	ru
4c9da432-ba89-442c-9fd7-c37645a934c2_514284564	en
4ca074bc-d564-4fd8-a1c7-3f695fa8a576_898906358	es
4caa1e09-fab5-4186-9a73-0e526d939de5_353255398	en
4caa6489-85e9-42c5-b48f-5015f5f22f45_857509658	es
4cadb0b5-8b1e-43d2-8f4f-ccca5fbef7d1_333291653	zh
4cb35cc4-f73f-47c0-a7bb-58342cf5e4b2_28821960	es
4cb76e80-d9c4-4a89-b380-55abbeb50441_824133073	es
4cc0747a-719c-46e3-9bfc-026fabea13ce_981666221	es
4cdb4201-8924-4d41-aa8b-39d6a3e4e0be_519437858	zh
4cdb4201-8924-4d41-aa8b-39d6a3e4e0be_831147507	en
4cf35096-8e59-4d44-a22b-3c7e222cf4db_19643880	ru
4cf35096-8e59-4d44-a22b-3c7e222cf4db_530845924	es
4cf7030e-09cc-45a7-a9eb-369601cdd999_466248347	zh
4d6f632d-0a59-4980-9745-516e1183e0af_136012428	es
4d7c95ff-1156-45ee-b093-351ba239e399_501307804	zh
4d9b9ce0-3154-45fc-a78f-eb9c22a6b884_815447206	ru
4da4fa59-b09f-424c-9c17-1573aad386ea_371823264	zh
4dc3d0f9-703b-4027-a655-a6f07e73572e_893513616	zh
4ddf31c0-4c21-498d-ae78-516667742436_350034906	es
4de9de96-3eb0-4507-a759-0ab2321ec900_148648009	en
4e093f28-baf3-4799-8558-76d16d051ada_67379437	es
4e3d325d-7d88-428d-bec5-1113067a15e8_157307033	en
4e473ebf-f5a4-474c-8a8f-0f0c90ea883d_626746357	en
4e557300-ae63-4eb5-84ab-3065e81bf8b0_526734756	ru
4e68cc98-8c2d-4e96-824d-4a61b9d412f9_788711227	es
4e68cc98-8c2d-4e96-824d-4a61b9d412f9_877764537	zh
4e69f7da-1a4a-4649-877e-b8a3ab83cf49_868849423	ru
4e96ca04-cdad-44fe-9ced-0a040c4e2f74_221850069	ru
4eafeb78-cddb-47be-9227-e4798c01c65e_940639500	en
4eba29c8-c4cd-4238-b4d8-47f31f05ca4b_741830155	ru
4eba29c8-c4cd-4238-b4d8-47f31f05ca4b_825026668	en
4ebb2364-59e5-481a-9cdd-91b4e91dcd36_201236981	en
4ed2f327-339b-4558-8cfb-fed88867a4e1_962438743	es
4efc2a2e-7825-4db4-bf17-fd3d168cbbf8_668679958	zh
4efc95f2-f570-465b-acdb-315862e738f2_653691876	es
4efcf742-0672-4dbc-b23e-62bf44d137ba_155431522	en
4f0d786d-b447-463d-a711-e661e278d697_897260609	en
4f1448e9-aeaf-4cb4-9a01-a529b1b13d54_24730882	zh
4f161e2b-bf52-438b-bcd7-a62d7bbf5445_425118071	zh
4f1c1d64-2656-465e-a7f4-ca81c7711dad_899074210	zh
4f1ea15f-cd58-4f7f-986c-9f70e3dfbe89_571203596	en
4f4cb0b2-54f2-443f-b193-faf1e550b0ee_239482203	zh
4f5a1acd-9fd2-4ae5-af2a-e32bf6ed768c_53035200	en
4f5a64c0-9959-449e-acd7-f70e99dcaa80_423959479	en
4f63b5c7-301c-4b35-830c-6f8aaff2cfec_259068444	en
4f6c8a46-764a-4e6a-ac12-6fae8c9b1535_41220189	zh
4f733620-1f5b-4e48-88c2-bab78970fc19_203771620	zh
4f874289-82e5-4be2-b09d-66913f419c4b_1056055145	ru
4f874289-82e5-4be2-b09d-66913f419c4b_165841721	en
4fab73d8-1228-4ec6-bb1c-034b79b4898d_1067303941	en
4fb7cad0-d46f-4141-9f24-93317f3c0bf5_850357427	en
4fbf3d5a-a524-46ab-8b18-c75be34274ba_1043616927	en
4fc4e783-e967-403b-a624-bf5389f6d7a9_578329692	zh
4fd296af-9478-4af6-860b-a0ab7eaadf9f_208055872	en
50047deb-0725-4299-9405-993bef977b8d_53884616	en
501d0266-b8b3-4aa9-9790-7fa913462e18_832916894	en
5035fc8b-e555-43f1-b96e-60cf15f39240_573869318	es
5038e5ab-aebb-4aa7-8556-fa8ff8521f2d_253179849	ru
503ee943-089e-4b6e-a042-f0c8cc741c59_892552355	en
50685a27-77f5-434a-b697-8a74ca52028a_627913576	zh
506b72d4-ec99-478d-8446-c0c2f31b2128_860208859	zh
507040e4-0883-4e4c-b5b1-f48220042bae_1010162953	zh
509f3201-aca2-4757-9474-c669107d4717_249057982	es
50a72340-a36b-43ce-93d5-afb006dd0f67_195242995	es
50b79609-d853-46f2-bb04-1a1687e5ea97_956719933	en
50bb1536-d04f-4957-a0f3-9509eae6f755_21576289	en
50bb1536-d04f-4957-a0f3-9509eae6f755_870763258	en
50c78d6e-02f5-4afe-bdc2-3227f8963190_19583806	es
50d4d543-c635-4de6-a625-cc333940b310_513830475	en
50ea976b-32ab-42f9-b35f-d1c735c8982d_409969943	zh
51290b76-42b6-459b-bde2-f300e011f859_173448324	en
512d3e99-fdf8-47bf-b388-7c8b14efa89f_25416513	zh
51302d26-8534-4ef3-bedd-b9118b59b934_83808578	es
5144a82c-77af-40eb-b6e8-7b9c0e6d2a63_112022315	zh
515c5776-a50e-4782-835a-77bfb011b38e_724970257	es
5188c336-c821-438c-b04e-dd9bd1fc2968_454111943	en
518c09fa-54e4-429b-8a04-86e8b9a29cde_247292254	ru
51912ed1-0283-4a66-b105-8721de8da9e2_601701459	es
519b72c9-3299-4387-9e4c-f6d79f3d4b7f_600047013	zh
51b01f49-bad9-47df-b5cb-493e8aa36716_64153546	en
51ff6e6e-fad5-44ac-a0b6-36207ec82a7d_115558396	es
51ff7399-b951-4517-83b7-02a31cf6c206_411365713	es
520d5915-b418-4730-949d-03211097d34d_584225015	en
522c4939-892d-44d4-addd-6e2a4fa5b6db_357040452	zh
523a2c7c-af8e-4329-babf-fb263720c0bd_490913810	en
52811364-2224-4d68-bdb1-bfac3e512052_789675985	zh
52874922-8daf-461b-9c78-6f27f57771b7_54669574	es
52881b11-3c6a-45b1-a2d1-ccacfe5c2195_826971436	zh
5291188a-d332-47c7-82d4-9708ba847435_486107238	en
5294fb6b-e53f-4816-bed0-6b49a282fc79_541567080	zh
529e0744-7f40-40ff-ad1a-e7c05e4ceeca_257953668	es
52a162c2-c4af-46be-94dc-b9539f62f14d_731875367	zh
52ad019b-3197-4d9b-accb-2f215ee97aa5_271944663	en
52b3bc4f-9fb2-47a2-82ba-4315f67c5638_63133340	en
52f4bc31-f0a1-43a4-9b4e-288b872aad1f_429864112	en
530f41f6-3360-4494-907f-c95e80a98fce_406690002	zh
5313dcb9-97b7-418b-8ce6-ea8d6cf2f4ce_119410652	zh
53230893-d9f1-43af-92ef-10a239df2646_447001820	ru
53299982-b086-4cf4-808a-d6ef5090bd0d_363685983	zh
532e4722-b726-451d-acfd-76bf8b85b7a6_630888922	es
535ac256-b69a-42fd-af30-d99982badac5_391760399	es
5360068d-f0c2-4c44-a8ae-06ab47ed4b43_222881007	en
5383b62f-f5cb-4ee9-a2a9-17f70e72c05c_758887643	zh
539767b2-3f00-49ee-b52b-9964067b245c_425472167	en
53ab5941-777a-4dbb-8a2e-c37b35e47946_117044165	zh
53c052d4-c182-4097-95e5-c75bb1dbb305_98461067	es
53c077db-160b-4cce-bf2a-4c7a74f91248_61434342	es
53d05ac5-68b5-44a5-94bc-195ef7b246f8_657688701	es
53e19583-8f66-4061-b69a-19afd8517b55_85889871	zh
5413b004-f6ec-4103-a13b-18e28b6aeae9_79861411	es
542fc9b0-4344-4cd6-9dbd-2b0ba1a4bde4_27723763	zh
54359927-6b99-4daf-97ed-2cb96d56b172_851809916	en
543f79d1-b4ee-4c44-b5ba-bc0dd95cb878_934916869	es
5441001d-5c90-459e-ba13-63792d01320e_436416041	ru
5451d1b0-28f8-44cf-8f80-8e325a6f3091_146930559	es
545b4214-34f4-435b-b34c-f7614dfc76c9_176099895	en
545c3b5a-ea95-49b6-a0bf-a64a1821571c_100741998	zh
5468bde7-301d-4844-a2d0-6d03f040c12e_619552904	zh
548c7561-0248-48dd-9ac4-9da25d6c7916_588233228	en
549c6613-7492-48c1-a765-dcf9b403c8f8_68368478	zh
54c07e39-6900-4b51-8eee-4cc2d38d8aa5_899146790	es
54d94b56-9c6d-40cb-8479-ae8c4863fa4f_675124260	es
54e4a371-36af-4878-9e7d-ec78ac44b857_124717610	en
54e4ee95-4889-4b07-b6e5-0a5f0d66858b_406215084	es
54fea5cb-47e2-45ea-a5a4-2e181d1e84ea_13897179	en
550ceb29-ca30-4f57-8e67-6bb2a3bd678c_82349241	zh
556dc7d9-f3fd-4efd-a5d6-24315b25c077_664344394	en
55882eba-f655-486c-9a25-f9b7bb96d2c6_637233634	es
55af9eea-b5d7-46f6-be5f-fcf6e426b68c_990983390	en
55c84320-9886-4e98-8251-2bdd3b79e049_319034422	es
55ff6198-d191-4756-aaaa-0a7293568d44_365381358	ru
5631a3d9-5271-452b-b829-8edbcee9a592_812394286	es
56349f7e-92cb-4787-8143-73f55f472bb3_521621828	en
56349f7e-92cb-4787-8143-73f55f472bb3_799901615	en
563cca6e-4e47-4f76-9f72-d2b58e23de6c_263033288	zh
56697679-e535-48f4-8ee8-bb69ba2738c8_244325899	zh
567e2718-412f-4ccb-a372-9a77168046c0_914029033	en
5689d63f-8c7e-45fc-8bbf-110cfe58697e_269027714	zh
568fec6c-2176-453d-8fe5-b39a5ec77230_692502807	zh
56945cf5-6dc5-4c2a-95af-fc56bfcb0e5a_911180438	zh
56953803-c0b3-444d-8229-f53d9cf96a19_113201201	en
56966367-db9b-44f9-b498-52ebec58edc2_416367752	zh
56adc348-7a7f-430e-9a39-4f9ebf594bbc_484912205	zh
56b4d3da-e9e0-4ee0-acce-4ac258e606bf_364868069	zh
56b4d3da-e9e0-4ee0-acce-4ac258e606bf_798445188	zh
56cac065-ff88-48f2-9bb5-2eff47b78e8a_277240790	es
56e70518-162e-4270-9b04-9269844d98dd_207425911	zh
57150609-af7b-4461-ac1a-9dffd867e3d8_759618947	en
571b7b4c-235a-47ef-8a19-369948b15188_509867830	en
571b7b4c-235a-47ef-8a19-369948b15188_58784358	zh
573c92cb-3870-4a20-bb8a-3855a355278d_893215213	zh
576b7765-29f8-4fb6-8008-04d2eff152ee_329102498	es
576c1fa3-58ec-4d12-9230-e42cff1a293a_80311127	es
5784c4f1-3f80-48f4-a326-cd15b2bf0df6_360886228	zh
578d20da-ddff-459f-b397-1bbb9357b585_622179384	en
578d20da-ddff-459f-b397-1bbb9357b585_92217951	en
5790ee7d-76c9-4f37-bacd-786a7e8128b5_784876580	en
57f27867-68b8-4890-b216-544d521e41ad_659858242	es
57faf8fc-0277-4246-affa-f8b0b0e7e6d7_327113206	zh
58099d5a-9d70-426d-a290-0a74e33a84f9_724729987	zh
580c4aeb-66b0-4144-9840-bdab380310bb_583082494	ru
580fc6c2-e753-443c-b249-44e4258b5579_685353144	en
5834e92d-a69b-4b0e-8f29-99698d40e7e3_817779801	ru
5857c30b-7fd9-4a17-beee-a55dcd8ffa50_978266647	ru
58a6b83a-f696-4c31-9bf7-2f34dfd44c49_127164391	es
58c21ede-b496-40c4-bd1d-1ce85e6a9b90_1006420752	zh
58c21ede-b496-40c4-bd1d-1ce85e6a9b90_270148139	zh
58cb969d-03f1-47f5-b5fe-2eaf16a8e0ce_340569783	es
58cbccaa-0616-4809-80af-f51f2805417a_394091969	en
58e3cc10-f8d9-441c-afd7-e92255c8f2de_402641211	zh
592c3c0e-f3dd-4b07-b959-d198d7a9b12e_1009833676	en
593519e9-94ff-4a19-ad4e-fd57a4e2cd71_836848174	ru
593afdfa-a212-4954-97d7-2385f64dc82c_763411568	en
5954e847-93e4-4983-b450-0cc4905351af_830110964	zh
597e8387-d1c3-440e-86e9-f56d0dd63338_359558631	es
5985e1e1-12c2-4bc7-b763-36a4d467c090_493095669	es
598e83d1-43f6-4dc6-b9fe-89b4aa387664_325614734	en
598e83d1-43f6-4dc6-b9fe-89b4aa387664_514790804	es
59942648-4c0e-43f8-96b7-d5b7ffd2f7b7_670219444	zh
59950355-e088-4dd1-978c-dba1d3259ec0_641345982	en
59ac5d69-df43-4937-8732-8422e95d547c_867431494	es
59db1d45-4873-4e93-9ae2-3b91315ee161_208691835	zh
59db96f6-af77-40a2-a8a3-8eb38cf67c5a_60165778	en
59f88fe4-71b4-45ff-86ab-aa0d81752d61_115549957	es
59f88fe4-71b4-45ff-86ab-aa0d81752d61_598202499	zh
5a054710-502c-43ec-8b03-bc943338d6e7_379445082	es
5a1e255d-64e1-4a7d-80a7-3eeff28f22dc_276380456	zh
5a27cff8-89a6-4169-b8f7-d95be070f015_1032572192	zh
5a31d8c5-bd6f-4c71-be9e-ea86a853a55b_654481634	en
5a341f2e-eae5-47ac-a353-017d2a7e0ec9_711297906	es
5a48ba7f-8122-417e-ab46-b88363ab9930_189906119	es
5a54db3a-0b44-4679-9cca-4285568ae817_132511770	en
5a600465-1776-49e8-a523-4701e31d4e0d_305259922	es
5a600465-1776-49e8-a523-4701e31d4e0d_359850592	ru
5a730562-12ed-4fa2-ad2c-896174ab243e_749564369	zh
5a74da41-23e0-4cc6-8ab7-ae89540141d3_505294671	es
5a80febb-885d-4e32-9daa-4127f8bd9d06_1049237800	es
5a80febb-885d-4e32-9daa-4127f8bd9d06_40646379	en
5a9d2a58-83b6-42f5-8afe-188432f9aabe_823125897	es
5aad12b5-245c-41e8-900f-85e3e0784ec2_283481434	en
5abd13ec-3129-4334-b147-1d2ec51f04df_501016867	en
5abfbb36-f394-4a09-845d-c92fead5e905_759047337	es
5ac6b8b4-280f-4bf6-b5f5-e8c737261588_127303894	es
5ac75b0c-88f1-41eb-b108-ead9d2a2d30b_655717248	es
5aca7f49-2f29-42e7-b43a-507139a72bf0_467669187	en
5ace9bde-327d-4284-b414-0d9e8d3b7cc1_734995782	ru
5acf3472-1d5c-42ff-9c65-3fa04f1048ee_650935578	zh
5adec5c1-1a31-4056-89d9-04090f5da29f_84815576	zh
5aef1441-dcc3-4449-8738-5743c2effdd5_164840990	es
5b06993e-1d87-4767-97bf-c801d7df397c_496863012	zh
5b5734d4-7823-40dc-af7c-5d514d5b8e87_950480467	en
5b857f7c-f0de-47d9-a7d5-1b827f3b06e5_185609170	zh
5b857f7c-f0de-47d9-a7d5-1b827f3b06e5_509015321	zh
5b8d1901-f199-47e2-8748-f3d9b01b49bd_876754685	ru
5b8e72e3-8f3b-48eb-8394-5e650a2b39e2_385679081	en
5b9ebc7f-2d2d-49cf-b583-584513cd12db_266180751	es
5b9ebc7f-2d2d-49cf-b583-584513cd12db_591375044	zh
5bb2e496-7764-4153-b002-407575ec57eb_28343532	es
5bbcf9a3-bfb9-4722-a038-a7d60162add1_741858100	en
5bbcf9a3-bfb9-4722-a038-a7d60162add1_875421808	en
5bc4ceea-136a-4b74-b980-f384939186d6_963232832	es
5bf962cc-683e-4d97-99b3-b74e3edcd608_466473571	en
5c2cae76-e683-4dc1-87c7-782849d8667e_590812360	en
5c39c200-d2f9-4f7c-a0af-c30452e48531_1057982244	en
5c52c0bd-eb67-4c02-915d-7de4b980e577_551355029	zh
5c5ec10a-5954-4b2a-9b17-4c9b4d8996f9_598396241	es
5c620803-5705-4924-8ede-0fbb10efe60b_863779212	en
5c638d8e-c4a6-44b2-9697-213d01b883d1_738784712	es
5c7bab71-d3f4-448d-8e88-42710a22749c_402833903	ru
5c9360f4-6ba6-410f-9aea-072b881261de_256492504	en
5c97074f-6b90-4b12-a877-3809c6a0e65c_338931378	en
5cb64483-dce3-4f7b-943e-e4629ecc9259_61578805	zh
5cbd879c-34a5-4926-9937-0374f95f37b0_356794005	en
5cd7041b-c802-4e81-b99e-b31004cb6b83_645113187	en
5ce83679-158d-4b58-b20f-9f406ab7e58b_218254483	zh
5ce9b554-765d-4b91-ab26-bdb21e2cf107_125682012	es
5d1209be-a7de-4fee-8af2-b07a56852deb_861752011	es
5d3016cb-b55b-4075-b26f-24f2989dcc1e_102584361	en
5d433142-b8cb-4ead-bdff-801cc18297df_250222945	en
5d4354bc-0f30-499e-9a0d-fcd9bdd2462c_1067258015	ru
5d474d14-a1aa-481a-afa5-e23c8c68fb73_591679496	es
5d5210ea-5e2d-44f6-83b9-c8289a7d0fb2_216365495	es
5d5a3d6b-264c-4fcd-8f72-dbd399fe4a05_188056028	zh
5d5d4d02-9b11-46a5-a5a7-f7d9d4010ac8_420814846	ru
5d5d6ef4-19f1-410c-b62e-f231674b1766_1001605066	zh
5d7b8177-ae11-4452-bbe6-6993c8be01d1_352778443	ru
5d8226d6-4dee-462d-beb1-70b64318441a_157340768	es
5d8226d6-4dee-462d-beb1-70b64318441a_408269608	zh
5d965a8b-b110-42ee-8b44-5cc74a04493d_223250526	en
5d965a8b-b110-42ee-8b44-5cc74a04493d_73679382	es
5dbfb3de-51ff-485c-b4f7-f5580e1a7940_955695011	en
5ddd5bab-583c-4e82-946c-53d7e676ecb6_699554935	zh
5df16be4-6d0d-41fe-b7f9-d9d765b7f52b_205089530	en
5e016eb8-78b2-408c-abc4-02bcc48d959b_274900026	es
5e08b004-966f-4e02-b295-fe122a354fbf_471536923	zh
5e1ff547-18a8-44b0-af97-d33c64424bcd_203955932	ru
5e203b82-af7a-441f-9741-b1db4adcb82b_250466013	en
5e25796d-0b49-4eb5-a74f-5d064320841d_102157979	en
5e2c8a98-06cf-476f-a873-c6f8524b32fc_6375586	zh
5e333d88-99d8-4e6b-961a-db9d5884eae1_1064714192	es
5e3b92d9-5374-4977-802c-bd7eab3736e4_389976046	en
5e410b08-ca48-4c23-9ad4-303267a185ab_931084755	zh
5e59a013-9c20-45c6-82bb-3dfbb7827cae_641661306	zh
5e770e11-7068-45f4-8649-78934c7c0b33_120811946	en
5e7ca676-8b48-4d7e-830f-dbd5a2bb5888_54436344	ru
5e8de281-3974-4aae-869b-4e899deac98e_248464382	en
5ebe93e5-74a5-412c-8f0a-f581b12ebcc9_1070530649	ru
5ec0a87f-0b11-4ff6-b4e2-f65f7033c194_781252836	en
5ed516df-5635-42d5-be8b-0eaf267f7483_1028389172	en
5edfef04-9886-4fb6-a474-3a4d7cf65396_72171691	zh
5eebe0e3-9abd-4c8a-82ad-211a71b991fd_137906893	en
5f095f7b-9b76-44ca-b6e5-d17d5ad71e07_178186428	en
5f095f7b-9b76-44ca-b6e5-d17d5ad71e07_874892167	zh
5f0efa1a-bbe2-4c90-900b-54dfe0fc0f10_835508015	ru
5f17d7f2-cde5-4171-81e4-4f35a53de594_779523722	zh
5f1f0cc8-7491-4e45-aa64-4e4abc751b8c_566035881	en
5f49622e-0b1e-475c-a755-d46cea2867a8_372932651	ru
5f49622e-0b1e-475c-a755-d46cea2867a8_583863820	es
5f60976c-6e26-4c19-8cc0-5f59d9c6bb2d_286010942	es
5f648daf-e537-4afb-a7e4-933ed942363d_206294335	zh
5f6cfa61-ca63-4b1a-970b-91db350b4b1d_29726024	es
5f7528d6-281a-4a6e-b2de-46c2f9ac5633_992302654	es
5f7dda5c-2b54-4c63-9ea4-18daa1584e99_484162681	ru
5f91a162-7a1e-4e5e-af0e-6b1bab774964_374756147	zh
5f9371b0-d842-4e8e-a986-683c31e8b70a_161889971	zh
5f9371b0-d842-4e8e-a986-683c31e8b70a_443679876	zh
5f9f2140-5d59-47d0-83af-16595aa655c3_641089757	es
5fa1d9b6-acfa-48c2-a6f7-18147eccb5d9_857362179	es
5fa6601b-8e63-401f-bd92-984555783453_375284347	ru
5fa6601b-8e63-401f-bd92-984555783453_791186746	zh
5fcac588-66c6-4f01-8df4-f84183d679ec_616141686	zh
5fde8f99-f528-4d14-9fcc-aa5a3fae7cba_31802513	es
5fdf83ef-172d-4f1b-81b2-568e5e366b7a_113150282	en
5fe5001e-b491-4ae4-8258-082df36f0659_197549059	es
5fec9202-8ca9-4206-a463-1e7f463f664b_766248576	es
5fecb6ef-9563-46e4-b5f5-30de6db8f288_44877649	es
6002c781-0cd4-4477-9bef-ee085b57ea78_921046269	zh
600aa7b9-3a8d-4026-abdf-fc34c7f9e103_22232291	es
601e1213-b3ad-4ab1-86a5-2455f483fefa_575005433	en
6039e5d8-fe24-4191-94fd-6c3b540a04b1_672363278	ru
6039e5d8-fe24-4191-94fd-6c3b540a04b1_712800450	en
603f5c38-96e9-46f6-b77a-a41bccf189f8_1028823101	en
60576abe-2509-4907-a5fc-335ce03cfa6d_779194137	en
60576abe-2509-4907-a5fc-335ce03cfa6d_94755333	es
605dee55-7bb4-4e3a-9afc-f67a7c260424_634041708	zh
6065e1ad-4d5b-4f4b-ae5b-66fd8d34e804_178051981	zh
608bcbe7-072b-4c7d-a5e9-fdd0e77d2eca_47471893	es
6095dd34-01f2-4eb0-a45f-d0baee97f8d1_719531115	zh
609bc8ec-6566-403b-b61a-4b11736e6b99_1062396702	en
60a14924-267c-40a5-82e5-ae354b886fbb_977889348	es
60b5c86d-380e-4035-9c77-091419ce3a8e_97892223	es
60bc9cbb-5321-46f4-9edb-53dca50d07ef_799852341	en
60c138a2-4ee8-443c-be7d-c8f137d75ef1_277402953	es
60d08480-5923-4d65-8d30-a78a5b3fdd3a_123820830	en
60ef9502-881a-4328-af9d-963b0dc91139_442060399	en
60f2a830-306e-475b-b8ff-e24be185ee28_626684068	ru
611b8d04-ab1e-4353-ae63-a6025cc8d855_174948080	zh
611b8d04-ab1e-4353-ae63-a6025cc8d855_178065742	zh
61206ff8-57ed-42ca-8ea0-10140d99cc38_877528281	zh
61367a46-f5e9-4b27-87c9-12dab2a7d706_822545593	en
61396863-61ef-4322-b2c9-2241b7fc245a_379892953	zh
613a83ef-3b15-4765-854b-5d60ed7cc56c_98854869	en
613f6c70-ed64-45b9-b521-8ca1bbd58692_203509527	ru
614b97d3-73a1-4056-8643-bb4a28b93b74_417539400	en
617b0b27-3949-4458-be91-466e207377ef_683286963	en
618a019a-e5a6-436d-bf70-7d7fce5d5fb4_311899069	ru
61a25bc2-427b-4b1d-b52b-d5288f04b122_61270325	es
61a51cab-3582-492e-b9ee-26e07cd11d9e_854953281	zh
61c92094-6e35-4911-ab94-774b3678ac54_221671452	es
61c92094-6e35-4911-ab94-774b3678ac54_401892630	zh
61c92094-6e35-4911-ab94-774b3678ac54_908867296	en
61f0a264-c8d0-472b-8599-43892bc248e2_155920295	zh
620b9cd2-ff3c-47f0-93b2-460a45e8ca8d_18733157	zh
621e20ea-8f74-4e28-b8b0-c4b43a6119b6_557089460	en
6222b1f0-0441-4494-8303-5551af9cc761_873746672	zh
624c59a5-41a2-42d1-85c4-ce9fc2ce26d9_964587428	es
624d0d4a-3bf6-442e-9929-d3eed9c51685_876480533	ru
626aef9f-d0b4-4bc9-a326-138a50131d6a_901504346	ru
62913172-2043-4546-8a7f-616667c1dc88_219588896	en
6298dd25-b8d7-4a2c-916b-c7e17b409591_406790683	en
629f564c-66ca-4303-a700-8c7f3ef07832_225953063	en
629f564c-66ca-4303-a700-8c7f3ef07832_291534343	en
62b631dc-8da1-4783-8c49-71f49cb6d76c_207107433	zh
62c0ee8f-2d4d-4273-b7b9-548788bdb832_451622510	zh
62c0ee8f-2d4d-4273-b7b9-548788bdb832_535567054	zh
62da1a20-4d3f-43aa-9e17-c552b668a4c4_56670177	zh
6328656c-f952-4035-9975-476be655b66e_991539038	zh
633177af-77e7-4791-bd82-48ff2f89e927_443969856	ru
6339c8ce-ba0e-44e0-8dce-4312a630562b_494274664	es
635557ec-d224-42a0-acdd-fc50666d9ef6_721000703	ru
63574045-b2b3-40a9-89fe-6cd0319e69db_434810567	es
636e0a46-38ce-4b4c-8e16-13d4419b741f_472534937	ru
6392f4f0-eaa7-41b2-8a09-dc788fbccb4b_799776140	es
63a534a5-83ea-49ab-8c0c-1f040ddff2de_754891062	zh
63b7dbbb-51d5-49bd-b97c-2b205f8e0ae6_554274607	en
63b7dbbb-51d5-49bd-b97c-2b205f8e0ae6_63706902	en
63bce92c-8bc0-4ff6-aa36-ff558f71da14_1049550619	en
63bce92c-8bc0-4ff6-aa36-ff558f71da14_627128245	es
63bd29cf-7862-4b35-a84f-b57988ca500c_636790779	zh
63e648c0-98b6-4858-9919-501a02c662f1_345323680	es
63e75d5d-bab2-4e47-bafb-2fe81e038ddd_715277351	zh
6419675f-0283-4d41-a432-40e1d7372eb2_683345096	ru
6419b293-2a40-4089-876c-7b9d23f860de_1061667271	en
64246d1b-3efe-4618-969d-d121f760d561_740389993	es
646d18b6-8b94-407c-af80-a4071c723a2e_628288583	en
647afecf-ddc2-4b99-a4a8-cc443fa19483_778004297	es
64c33417-1e93-4a5a-9bf5-ca9eb15dac1d_319162561	zh
64d9dfd4-baa1-4d90-b7b7-99db9e486bca_387198121	es
64fa5383-5a9a-4623-a472-e9660b1fc324_904742122	zh
64fe53f1-6bdc-4fb5-8cc4-972f128b8279_974774189	ru
65005a56-ada1-4f79-9212-99c97e8cc6ba_344526346	en
650e5848-74ad-4224-aeb3-414b23474bbd_311178018	zh
6510b0d1-00f0-4729-94ff-1d7d8b384440_83815049	ru
652672be-8d8e-4f88-9bc1-2b4cb1f3c99b_197113427	en
6535df63-0cd6-4766-b718-7feace7467bf_330520268	es
6536c1c6-672d-4620-825f-73cec2cf1798_38141602	zh
653bbe81-4aee-45cd-a6ce-7c4d11ce7a1a_950027163	zh
653f8299-8d1a-4b1f-8662-1fe2211c4d6b_197570184	zh
6552a262-14a5-42f5-8dd6-a044a7a8a468_107621756	es
65547a00-3e37-47f8-8b1d-06bd265e0278_7898760	es
6556e582-61c2-4246-b355-58a53841891a_142189554	zh
65678252-3cc1-4c7a-b695-462ca7dcb2e2_515394670	zh
65730d66-e52a-4d88-8077-5dd9ba8a3b0b_108941221	zh
657716cb-1602-4075-87a6-ce46fb4e6e17_910278295	ru
658cb3de-8b63-4d8f-8585-9a4f0042ff92_820850623	ru
65932665-7204-4d4d-9b2a-2ab9a70f2812_145242954	es
65955989-6607-46cf-8faa-eed4ad8f7ddb_468893235	zh
65963f30-445d-401d-994c-753b73a740b8_735610820	es
65a1e139-c35e-4006-acd5-c56430b2d3f5_674647938	es
65ade7dd-b050-4838-a25d-86725385b4bf_863205960	en
65e2cd36-70c4-4f41-a703-bbfe21f07633_871662301	es
65e88a20-9e4e-46f5-be2b-0dd4bca6025f_63683204	es
65f3d33e-116a-4ba2-9c88-29a41e7b3815_383189367	zh
65f484f6-3c7d-4f0e-8c4e-90dd7da97c97_493705536	ru
660270db-b46d-46a1-9a4a-699269bccb9b_161603549	zh
660270db-b46d-46a1-9a4a-699269bccb9b_196398186	es
6610d106-e9a3-48a4-817c-07f1c7a2b38f_1017868944	zh
6613b904-185c-496b-9fec-dadb96dfb30a_92650731	en
662485fb-0c9b-4f11-a28f-e34182ebf466_799042503	zh
662e8ee4-dde1-4b5e-88cb-5661ae9cc6ec_900387140	ru
66460116-208a-4496-b010-144187212fd0_166804477	en
664a3146-dc7e-4e96-a12a-045cbcebaea3_159636374	es
6651ff9b-c959-4691-9bbf-9666e34e6eee_195718560	zh
665b3ebf-4c79-4d84-bf35-e3a4704e878f_818469650	zh
66670968-f214-432c-b114-69edf9309453_113239550	en
66670968-f214-432c-b114-69edf9309453_928463006	en
667c1aa4-3f67-415b-b062-c47b0d52ab72_560043764	zh
66818b23-425a-4b6a-8724-74e6a06c91c3_140761603	en
66818b23-425a-4b6a-8724-74e6a06c91c3_247456175	ru
669dac63-c1d5-427d-9ee0-4d586845e895_390594834	es
669dac63-c1d5-427d-9ee0-4d586845e895_606853358	ru
66af876c-966b-4ece-bf88-af40f5585b0b_859246471	es
66b4ac58-0205-4d47-94dd-c6a7af743d0b_514806909	zh
66bd1af0-3b64-4cf2-bfee-1e55476ee2b7_306995289	en
66de586b-6c1a-42b6-b297-d3188e0c7e17_326149883	zh
66ff9214-a746-4a1e-810b-c4cd893fd31c_289998866	es
672e5630-8333-4cb3-a1ad-27caa990c3ea_377258891	es
6738ff41-206e-4b58-8d14-8f06e8b0d954_852014593	en
67628b0f-6387-481f-b009-cdeeafe21674_61383789	en
676db5cb-7027-4826-a559-a39f1b6dd5a9_1041366402	es
6785efc1-f73c-43a2-a525-43991bd94920_488571129	en
67912b9e-f9aa-43bc-9dda-e30607290b65_692889675	zh
67aff845-d269-4a9d-ad2e-73fe520b6a3b_364006979	zh
67aff845-d269-4a9d-ad2e-73fe520b6a3b_985541903	es
67c0c752-c7a5-4ead-b580-5c263c6c6743_184898473	en
67d4b6c3-1b54-451f-ba83-91e171cf78af_729329413	es
67dd9b00-6a74-49e8-a6ff-b2e8f7deb289_273472554	zh
67e32edb-4a33-4776-a5db-17e2d833fd31_89749346	en
67e3ddd9-aea1-46c0-91ab-7dd8fc524bb9_723107485	zh
68100590-731f-41ac-8888-ee1722e5d02a_627930215	en
68146b61-8d5c-44db-b707-3544eaeb000c_851782223	es
681d6383-eb61-4e8c-b0c6-9eabfc9059da_90973186	ru
682dcc12-cedb-4f6c-bc47-b57a7a78a14a_677464362	en
6837c10e-1dab-4b03-aa61-fc3b30192ac4_146524605	ru
6839cb6a-120e-4d99-97cc-f6f32a602f66_383432048	zh
683b7792-7b2f-4ca4-aae1-9b0c25aa470d_517157977	es
68483f9a-1f85-410b-9b89-e9adb9f7f3b5_728688429	ru
684d1ec9-e94a-4c05-bec9-ebbc616a1ad7_30967252	es
685d1950-9b59-4937-adc9-76466e7ab31a_7101830	en
685e086e-1309-433b-bc10-642ef3e5f69f_254807327	en
686204d8-56f7-4a9d-ac06-c15c2fc0d656_620586953	es
688bbfd6-753f-4f6f-b0bc-a74af512618b_701997378	en
68a20a6a-44d1-406a-a91c-f257ae2cd3dc_830768975	zh
68aeb6d6-0e20-470e-8c2f-15af9ba68bea_733833804	es
68aeba36-5f97-4cf4-a24a-5b5a9ff349bc_1043019182	zh
68bbf174-39a7-4d0d-aca2-656b8604b747_57776102	ru
68bd21d0-19d7-4dbf-9f5b-0dfa4fbf9de9_326177819	es
68cce38b-4e54-4dce-9ac0-da0d5b3f968a_375200074	es
68dd73d2-22c6-4b81-a214-ab1f8d7839a7_555548544	es
68f77977-068f-4330-8261-9f568afb9923_413211699	es
69085700-1c6e-4f31-9789-4300fa68034b_171997907	es
69085700-1c6e-4f31-9789-4300fa68034b_948152557	en
69085fbc-2e9d-47dd-a9d0-9346af4a9338_662189092	en
69098cca-d449-408b-9125-3b8ad2538ab7_266346655	ru
69408fc1-5f07-4f1c-9d12-d0af0151d78d_145634205	es
69408fc1-5f07-4f1c-9d12-d0af0151d78d_555192145	ru
6952eeeb-c14a-4c2d-a695-62d0394291b0_557719422	ru
695fcb24-fc0c-4dc2-8d8a-4daca5fdf475_405761820	es
696459fa-54cc-4a87-934a-a1d4ddb6aca9_141070753	es
6969fab2-a6d1-43d7-a647-fecbbb3f3b1e_94912265	ru
6975f0ef-df46-4539-a1af-71e906b23edc_297206098	ru
69829bbe-6dcd-4c83-9566-c67b660bc753_105470861	ru
69829bbe-6dcd-4c83-9566-c67b660bc753_720001520	en
69b4d8f5-caac-463a-a7d5-bd87c89be275_624169633	es
69b6ddb1-0d9c-4c17-8f5b-4efc2a39d7ae_754947913	en
6a03e38a-d953-4bd7-8dfa-7441bf8c37a7_158757592	zh
6a03e38a-d953-4bd7-8dfa-7441bf8c37a7_202030978	ru
6a165fe4-055d-4aea-a25d-03f07dea88e8_999667054	en
6a189fe0-49b9-48cb-aa45-6d48450a1ca9_1056566465	zh
6a22c31d-8f9b-4baf-85d1-51fbed2b86dc_430863435	ru
6a32ba83-556d-4bc1-bb4d-164b912ab361_412820989	en
6a3d2425-a3a8-46d5-9afb-30c3d8cd2742_734983909	en
6a4eed67-7d89-40dc-9ba4-7a991b1e17ea_540398001	en
6a557eac-ceee-41dd-9d26-9e5a9521da4e_82036549	zh
6a557eac-ceee-41dd-9d26-9e5a9521da4e_91576688	ru
6a55893f-b3d7-4f48-bf2c-933ab5d34a8a_120661276	zh
6a55893f-b3d7-4f48-bf2c-933ab5d34a8a_712150742	es
6a835003-4ef1-4265-959d-c4910f62b72e_349701962	en
6a835003-4ef1-4265-959d-c4910f62b72e_744997121	en
6a96d2f4-5bf2-48e1-acf5-b114391f6645_126470818	en
6a9bc939-4d54-4239-8f4c-9351a3bea8e1_30926334	es
6ab59c64-d621-4438-a4c5-4599cb24957c_419438253	zh
6ac54237-caae-4625-b412-f7dbc2cef79b_651080083	zh
6ad5f33e-300e-468c-867e-e4bd9ffe00f4_40407236	en
6af3226f-8a23-485b-83b7-42dd75becf5e_195364175	zh
6af9dd52-b34f-4545-bda5-e68c1543a9c3_370935760	zh
6af9dd52-b34f-4545-bda5-e68c1543a9c3_925991728	ru
6afc284d-bc28-459a-9b12-4474f635e88f_560949915	es
6b22f965-ce73-40ed-8374-ccdedca07141_1053864533	zh
6b46e2e0-df11-42ff-a836-0e3cac850496_427024294	en
6b5d6946-13ad-4530-8658-2cb10fc770c6_487147694	zh
6b81b7d9-23d5-4143-b988-c435e613feca_411435588	zh
6ba9b82b-55ba-4fad-8c0e-7042b393e7fe_73624170	es
6bb86295-c49b-4797-ab4b-5652344f2d4a_675210500	zh
6bb86295-c49b-4797-ab4b-5652344f2d4a_97242	zh
6bde3851-0a7e-4e3b-901e-b12a573e0de4_1045666760	es
6c03b98a-be7a-4abb-8da4-169eed5985fe_618811365	es
6c0ce92f-22bd-462f-a57a-2bf133565899_587220011	es
6c10750a-48f1-4f5e-85e2-d75cfa5ef015_616016244	ru
6c18aac0-d51c-4bce-8183-6ba974a84d5a_576555873	zh
6c1cb891-150a-4790-b995-e48fd3d8b6e7_305682943	ru
6c5148d4-67e7-4d8c-9d16-2b0e982cce28_25024620	en
6c515925-807e-4503-aff7-539523a60a5a_526199246	ru
6c56c9e0-3fd6-415e-a035-7345b1e9a8f1_606354765	en
6c5e4dda-6f48-4140-82db-104d47a8377f_529205668	ru
6c783f59-58b9-4d71-9ce7-119edd00c049_511370305	ru
6c7b57f7-22cc-41e9-9607-733ed70790d1_971167101	en
6c84ec87-4468-428e-ac2d-60f37b88f92d_484104167	en
6c8fce5f-a72c-4866-af13-2f176a678e16_122023177	en
6cacfdc7-b812-4719-a2f7-25f40c336102_22429117	zh
6cacfdc7-b812-4719-a2f7-25f40c336102_337327669	en
6cb46644-a626-4ca2-b752-f5d69a3cfc82_657382378	ru
6cda508d-4b65-40c1-81ae-f1dfe92374ad_1030952848	zh
6cef43fb-ee41-4d7b-a629-9dd24483c2ed_926966873	en
6d10cfaa-9147-4bf5-a7bd-8c04216fb7d8_150407279	en
6d10cfaa-9147-4bf5-a7bd-8c04216fb7d8_7037787	ru
6d149e0f-3486-402d-ac62-75822f0d35cc_680939169	es
6d189575-0aca-45aa-8caa-e3b0150a8815_1002882244	en
6d56ac80-cc42-4c1e-8a38-89e681c828e9_577436082	en
6d8910a9-4831-441d-9b10-129793120005_850030636	zh
6d8ac62f-96c9-4a3e-9be1-a308a710354f_323400665	es
6dacce07-1f3e-40f4-8c76-2ab4e5305c59_539943885	zh
6ddf6e5d-c07e-4211-96f9-1f4eaff4e18a_285465223	ru
6de17283-6a93-4911-88b1-63e454808e4e_320138158	ru
6de802e7-5c90-494b-bf9c-9d361c12fa4c_508243148	en
6e02c103-c019-4191-a851-14d7742deb44_683742337	es
6e1642e8-a3d3-471b-8872-c516f252c22a_762459422	zh
6e1b0217-97f0-4007-8cfa-cfacd3035f97_861038490	en
6e28cd56-93cc-4295-b3c8-828a7d7fda04_596825530	zh
6e35320a-7eab-43e7-a921-81fcd1f341bb_459781327	zh
6e39498b-f90a-47b1-b0ba-91dd9561a417_935996941	es
6e47a5cf-47a7-42a3-812e-ef81ba1e7a5f_33612168	zh
6e4b8379-f87b-464a-9123-49d06cae8eef_186697684	ru
6e5b0c90-92fd-4dd0-b9c9-12ea01763abb_30443538	es
6e5b65db-d2af-486c-818b-edf302392be7_28714785	zh
6e5b65db-d2af-486c-818b-edf302392be7_871963176	zh
6e7fdf6c-00ae-4e71-8ed0-a6b9d47fcea8_51269016	en
6e817703-9c54-4e88-bd4a-3cdc0d6b5bf9_96459595	zh
6e87fd06-0c06-40fc-9711-d4ef106866b4_86121210	en
6e93e1c5-a69c-4545-9fd7-a38fae059f5f_271281213	zh
6e9cf680-6801-497b-9c9b-39df956304b9_157910757	zh
6ea70f6e-d9c7-4dbb-a211-80c8c08e23f8_791054717	zh
6ebafb12-40e8-4393-aa58-a6c3f0a55bff_359650698	en
6ec43dbe-d3e1-4222-b054-3fb6f664851d_624167825	ru
6ed2ab4a-20b6-4682-85d1-33acb3edeed0_1035498821	es
6edc432a-ea3a-4325-a0a2-fbd9385a7cdd_271895554	es
6efb75aa-f9ef-44b9-b67b-6a7e43b5375c_687702512	en
6f022a7e-854e-4a67-b370-855403215083_146035621	zh
6f0447c5-5050-4269-9685-ee0aea0f9302_896668226	es
6f0a2c8a-1258-4eff-9953-d227759082be_465607265	es
6f219479-f1a6-46e2-aac0-11e1158b3d14_975927598	es
6f316112-7cc0-499c-9222-556e7a33421c_405537930	ru
6f4d1139-3836-40c7-8af2-7657108052e2_1011686835	en
6f4d1139-3836-40c7-8af2-7657108052e2_220171354	en
6f50c485-aa1a-47d8-993a-aa56e031b0f9_698348740	ru
6f5ddd25-eddb-42a8-a9c8-facb8d5d1603_766061550	es
6f6142d9-cdbd-44ff-921d-05d37253a6ef_715210702	ru
6f619d39-a996-4533-907b-ddddd5eef01b_944590286	es
6f623acb-6b79-4a78-89ea-c9b9e3c66527_526755108	en
6f70b2a5-f82b-475f-8696-73f03b76d8f0_732521933	ru
6f795507-f6eb-4ff0-9027-88e401059578_87515621	en
6f84ee83-6891-4db1-a2f0-12cc7c9161df_937131903	es
6f899057-8ee6-47c7-82ac-7e9a72ec95b3_434062435	en
6f9bde11-675b-433b-a175-06d4d3cc90b2_615761124	zh
6f9f885b-0279-4fdf-ad9a-05d399087de3_1024887695	zh
6fe4088e-0f93-4956-aadd-6df7a0773808_842812330	en
6fe61bd1-5678-4a87-9738-068d3ca58f6a_668735545	en
6fe66367-01c7-424b-b62a-0224aa782c18_373233350	en
6fe758fb-55c7-4798-899a-76d90ef38c9c_748322176	es
6ffddfdc-f799-456d-8a35-9634d12e63d0_435975625	es
6ffddfdc-f799-456d-8a35-9634d12e63d0_831578146	en
700c364d-6a6f-45dd-8015-e854840afebd_581240550	ru
701627a7-5524-47d4-8f27-2f14d2f45e6d_1006869952	en
7034ed9f-4e41-4a61-a894-feb7d4e0391a_380671084	es
703c93ff-4b0c-47a4-a1f7-8579b8c45215_1059665142	zh
703c93ff-4b0c-47a4-a1f7-8579b8c45215_572047970	es
70523d86-233e-4bfb-bd73-fcb4deaa8a7b_269806159	es
70523d86-233e-4bfb-bd73-fcb4deaa8a7b_728686872	ru
7053b263-6272-4027-9320-d4533d950e59_900878219	ru
7061e9ca-91c5-4c33-bd85-14b2fea97f25_197527797	es
706d210c-ff4b-4846-9467-12fa0b82b57c_204619402	zh
70a098c7-1b66-44cf-8c01-fe97b4d19d75_865681150	zh
70a0e55b-dade-4d81-9884-0b74e6fa4d20_323952266	zh
70a70efd-4b3e-45c8-9b99-7e0bf4f43e15_320019812	en
70b48efa-d1d4-4488-a911-1cec62a65e90_903034559	zh
70bbe2ee-d063-4150-968e-e918835a610e_591142664	en
70c31527-bc34-4bb7-8abf-648e5c63b01c_351212646	ru
70c67614-2766-4a1c-a446-755f381d83ad_789967136	zh
7118adf6-d49c-490c-951a-0527b920ba2e_88162801	zh
7124270b-afe0-4e64-967b-f5c848822dbc_988887908	zh
712e0193-f547-4914-94d0-8ba99ed30d84_28880224	zh
712e0193-f547-4914-94d0-8ba99ed30d84_808546880	zh
712f968e-1f7e-43f0-8299-ff401dfa3001_297185415	ru
7132ddb5-ac72-4f77-8246-70ce37e58005_459272882	zh
713f16be-adb0-43ba-bc98-01d92e8730f8_801029402	en
713f16be-adb0-43ba-bc98-01d92e8730f8_806990340	ru
71560e45-ab93-4a3d-a499-4080406b2cf4_97770253	es
71711d57-11ff-4e5d-a397-a88062ea3ef3_1011200579	zh
7185e954-74bb-4403-800a-075bfecbc154_681205188	en
7197de54-8781-447d-b55d-fc69b1af129e_141498980	zh
71a4d821-7db5-4f2f-8b21-6339a6f7435c_105660302	ru
71a4d821-7db5-4f2f-8b21-6339a6f7435c_382484	en
71a71e00-8e71-4d7f-a20a-19b31b825898_33580696	zh
71c9a3ad-750d-4791-b533-862912f33466_462509485	es
71ca9620-b36f-412d-9671-26f79a92732a_455519198	zh
71e90c3b-fbf2-43ea-a5fd-0d44994ada4a_695307494	en
71ed6322-2003-4455-93e2-0155952d3a8d_118687482	zh
71ed6322-2003-4455-93e2-0155952d3a8d_72616968	zh
71ee7ddd-01f9-42e5-8844-1aab8b9b9c60_523764765	zh
721c4dd1-9da3-46a2-ad3b-aeb226214ae5_754887109	es
7267bc6e-44c0-4e2a-a7b2-7bb7a75e051a_765226381	es
72836102-23df-4f82-b338-56a356464891_283486810	en
729a6397-5bcf-4d1d-9347-4bbf857ce0a6_903396897	es
72b42ef7-fa4d-4b56-9dc6-60ed4cea4720_155718262	es
72b42ef7-fa4d-4b56-9dc6-60ed4cea4720_635262324	zh
72b8e198-8872-4af9-8e25-c78f7717e8e9_23940995	zh
72c1eab7-b244-418b-a1c4-ce5acd5a3ce3_411650919	en
72cc1696-8a57-4e7e-9def-2735ab07af79_883657506	en
72d0404c-dbc4-4f5b-842c-a0cde36325c2_982475318	es
72f30ea3-a663-4495-8855-8a663923fd19_15561682	en
72f508e4-ba22-432e-9ff1-7251610ddce4_174619356	es
72f508e4-ba22-432e-9ff1-7251610ddce4_215071810	es
72fbcefd-e1d3-4efc-8ce2-7756a9e30ef3_652528344	zh
73312c43-921e-421b-88a2-f41f01118fb2_360069895	zh
7334acef-dac6-4421-abd1-84637c0263b8_488053383	es
73393862-7923-46ce-8882-29d9253d7e61_268476085	zh
734658f9-c508-4de7-9f6c-e59cb04752cb_29990019	zh
734d937d-806d-4f52-b84d-d4c881ecbfab_611304014	en
735d79f1-5475-46f3-9fed-50a6f10eaa94_192196513	zh
73663eb3-6c23-43f8-b9d1-870b5953a0bd_780185384	zh
7372a4b2-a464-4da0-9b05-520729ae0fcc_438175578	es
737716dd-54d2-4f21-bd65-aa30afb3f743_560876461	ru
738b65ce-544c-4b7a-b9cf-e5e6c3f83345_872922877	zh
73c9fedd-4835-4eb4-b839-2c6b697b3c1a_140237541	es
73d2691f-1d51-43e1-a18b-8cb9fcc22f6e_178953806	en
73d2d48f-33e7-46f9-9ff3-faf7dcc242bf_59971584	zh
740d02c7-245a-4405-a579-818efb5231e7_1038566454	zh
7411e2e3-cb1b-4f75-8170-094ef94f2a13_455514868	es
742c2bc4-ce3e-4328-bc69-287d842e9ba9_357812558	ru
7461960e-5186-46e0-a0b2-b3f11ee93995_155066230	es
7465d9ed-34e6-4b05-8d7a-621970ffcde1_542571582	en
746786a1-b930-4434-a9c6-48b4219efc0d_241385981	en
7474bd40-3507-41c0-b848-1a5eb148d23a_599047347	zh
7484a39f-7bd8-4aff-ac90-4c43318d2f52_847590498	zh
749a42cd-13ec-420d-9c46-0face8d8d131_1059047028	zh
74d864de-25d6-49c5-b381-f2d893742c01_267622360	en
74fc87d5-40f2-4931-9567-8a6a7cca60f5_295367211	zh
75064207-7c94-4b94-96cd-b89b2dd3cc5a_230158518	es
7510de0a-4503-4b1f-b0f6-82be5bfda108_786281065	ru
7510de0a-4503-4b1f-b0f6-82be5bfda108_918401218	es
752d9cd2-a50c-4bd7-bdd2-9cd94e1ddf38_2304733	en
75707627-3af4-44c4-b45a-bc07b68acc40_38838111	ru
75843cda-47fb-407b-b9b1-97678d307dd4_1053203300	es
758e77d3-5b8c-47e8-a1bc-8a88c129f8cc_733984787	es
758e77d3-5b8c-47e8-a1bc-8a88c129f8cc_81024224	en
7592352a-9794-4c08-9d96-cb06aa06ba11_244550848	zh
7592cce9-b0f9-42b4-818e-ea0ee7d4ff08_582137149	es
75ae5b22-6dae-4fc5-9a21-cca20b59f857_207761084	es
75bc2832-3651-4f94-bf12-3fa223ccbeef_917472380	es
75d3dfbd-c270-4eac-b487-e156d3e283ef_635774407	en
75db14ae-1ecf-442b-bc6b-ceba0c79882a_802266435	en
75f59dd9-86c0-4041-94f7-13a05cf1576f_592071877	es
75f59dd9-86c0-4041-94f7-13a05cf1576f_867251681	es
75feda7c-b8bf-49b9-97f0-b8fe33775774_112906052	zh
7605b59f-c230-42b5-bf70-8c77cfe882cd_480881999	zh
7606a394-2e21-4d93-9faf-30e394eb3212_576748148	zh
761eb4ad-bf35-41a9-af7c-8d8e95cb9563_4357030	zh
764b24e4-4920-49a8-983b-fa862efa16b6_441742130	ru
765e360d-ba17-4e3f-886d-4e033a8d6050_232794831	zh
76717c9d-1773-4d4a-97c4-a4591d2ae418_623203483	en
768208a7-583e-488b-946e-44126f720846_234586834	zh
768f8a04-1ad5-4dde-93ee-2d0eb6c5d9e3_954246095	ru
76a972e8-acc3-449a-9596-aeb901de0d1f_24713078	en
76afedbd-91db-467a-ab6b-0f75e292773c_150956396	en
76c61dd8-93f9-41b5-8e4c-dffa480100b5_391325917	en
76d5bc04-8b73-4b4c-b3bf-9b8e76602ff2_236933512	es
76e33021-6976-4ec5-bf58-d4748691b93b_10940045	en
76e3d070-0378-4925-82db-99646dc4c985_743940459	zh
76ea5cd5-b2de-4145-a40b-be0ab18fa95c_786124523	es
76eb0d84-be02-427c-ad0f-d2e762a760ac_212880083	ru
77008892-b8b2-4634-a5b7-17942180d2d7_311054980	en
77078a27-f2f0-4f4d-94b9-7cdf931a0d8e_211773125	en
770b61cc-bf8a-4800-a6b9-c9a55affc43f_191083104	zh
7714819d-6bb8-48f9-9858-d89bf1fadf71_935840086	en
772a8cad-5f62-4bdb-ba15-27fcd6b1c834_668706774	ru
77353fb3-bff3-4bda-a602-ab972d295be5_1063331296	es
775e992e-42e7-4cc4-bbc0-74ecad4af203_200814800	ru
776cb739-bbf0-4671-a9dc-cafa2ccb0bee_304877428	en
776e841f-202e-428d-aa4b-c2787a66374c_529429215	ru
778178ff-56dc-4995-9e67-204fe8562028_706744446	en
778608e3-8595-400e-8c37-f23cc1fad056_190537781	zh
77c6aba9-2f5f-40c5-b92d-2fec08ee68f8_499053071	ru
77e6403b-a413-4d74-9fff-8aab78801501_273144555	en
77ebe4a7-72b6-43b2-be69-44cfdbc997e6_591367945	en
77f9b977-0b93-4dd4-b1c8-d8956a54ade7_217792401	en
77f9b977-0b93-4dd4-b1c8-d8956a54ade7_907379423	ru
781aa40a-60a0-455f-926a-2041121d72c6_96698107	zh
782cc305-3595-4498-9611-26ffc30a895e_603762397	en
782cc305-3595-4498-9611-26ffc30a895e_758630712	es
7845f4be-6fb8-482a-95db-560ae6abe349_579128344	zh
7863631b-3237-47f8-a23d-7e86ca76a167_535847751	es
786b12d2-5fb5-430d-a891-8e5727740c63_54668707	es
786df5d8-99fc-499c-8c81-8483661a7819_87959711	ru
78c7ac69-3b21-4ffb-8e95-0d7c126d6bbc_248413236	zh
78cf852b-bd2c-4901-a15b-386968eb0845_117629358	zh
78d1632e-8c34-4481-8c4d-51f4e5bb227a_968406304	zh
78d7d337-b1a1-4661-aaa0-baedac6ee928_574854074	zh
78da873e-725c-46f5-9abb-ce77dd3b1fa3_443902678	zh
78da873e-725c-46f5-9abb-ce77dd3b1fa3_95034711	ru
78ee9381-9e74-4ce6-9706-9ab702956278_29057201	en
78f811d2-79b9-487e-bc09-0667d4e7034e_990890252	ru
792ba802-fc52-4ca2-bb1a-ee90ce0fe3de_5018561	en
793526d0-c848-48fe-9e93-b97df1be6653_83361860	en
793c761a-04e3-47a0-ba2c-25a09594c6e0_616983214	zh
793d60f5-d133-4c43-9da7-39a1a545c2ca_528710580	ru
79533269-e817-4c32-b72d-617e79a566d5_64040724	ru
795b0d5e-96bf-46f2-be35-6ff87176ce62_991254066	zh
795f40f7-c077-400d-860c-7c0246ff8cb2_459310975	es
796c79c9-a586-48a8-8250-fd3477a7e655_649250373	zh
79710993-28c1-44bb-ab9c-e5f7030732e2_656164057	en
79a684d3-1a7a-4449-998d-f59a14b2d94e_800221290	en
79c4fbee-eadd-4166-af26-7e57b5bfb7ce_105198173	ru
79c4fbee-eadd-4166-af26-7e57b5bfb7ce_816132001	es
79c9d1ce-b439-479d-898f-0f4a52b0a480_62981389	ru
79d95c73-52d2-4d03-918e-eeddfce9fdb9_350499212	en
79f15aaa-cd36-44e3-a4cd-fdd379cc95da_306729364	en
79f15aaa-cd36-44e3-a4cd-fdd379cc95da_799534126	zh
7a1e1d77-ecc8-4103-856a-5c6d4c9c6a60_357505348	zh
7a2a8ccf-7b1f-4f4e-b80b-637ce72f6e0a_912201634	es
7a462d6e-0ec6-4739-b0cf-51e3e595d9ed_467538931	zh
7a597395-1842-4bac-8860-6a217a64dcf4_137406571	es
7a597395-1842-4bac-8860-6a217a64dcf4_980282754	zh
7a7e9a67-2507-4408-9337-5c78b1098bc7_363065821	ru
7a85a81e-354f-4f38-afad-64dd18ce12e1_449316103	zh
7a8c4f9e-9366-4860-8a63-25bb85b23241_891514490	zh
7aa51ebc-5a6b-4df3-ad46-c6c0384541b7_54040275	en
7aad7e47-1593-46b0-a24d-2e6ce536d078_737678541	es
7ab9ec14-fbcd-4191-9628-bdeff266d9a0_1003546984	zh
7ab9f3ff-648d-4363-bb1d-b82d2b25375d_706689923	ru
7acde05f-c404-4c73-957c-462fd22b941a_340603583	zh
7ad3ff48-fa1f-44f2-a98c-a4f9c9f30e53_570059429	zh
7ad7e58e-b7a3-42a1-b137-8514f3447bae_771212544	en
7addcc41-2142-4967-8b8e-c7c788d6d206_665565897	en
7ae34dfe-313a-41ba-aa5e-288cd8f717d3_229453609	en
7aec1922-1ccc-40da-a4b3-fe5fce68e3ed_529674007	en
7b060d6e-72c0-4bd5-a1c5-5755c75ac708_963543720	es
7b57ee9d-0bfa-48d7-b818-6d30862da188_729554359	es
7b85ec7b-257a-4273-94c4-5f72b9379223_555655242	es
7b90348a-a7d0-4a00-8ba5-85982c34b909_115847504	zh
7b964fa5-a201-4acb-81f4-b9b3d56ccc18_633531876	en
7bb8b788-2418-49c8-95c5-1a9ec4f9a59a_766607070	en
7bbe256f-543e-4ea1-ba4a-0f05ecd0d53c_695583862	en
7be53fa8-e963-49f3-8573-297a1e47cc6a_628808121	en
7be53fa8-e963-49f3-8573-297a1e47cc6a_980435786	es
7bfffa6d-3323-432f-8310-5b0301c7dc6a_726087439	en
7c054c2e-b55a-4326-8e2d-e5764a36c63d_965804108	en
7c07086c-9ee9-4d8e-a245-892751f837f1_359913384	en
7c1dd591-fae7-44af-9772-9a9231b9b7de_556694020	en
7c445dc7-d7d9-4681-9978-8caa3257ac3d_17121479	en
7c44e963-0190-426d-8992-8fe6b8a3c8b6_644399089	ru
7c49097a-3e08-42b6-b3f8-5b4c3440ab8e_184953653	es
7c4f8652-ee5a-40b5-b5be-a69643fdec8d_1001367011	es
7c4f8652-ee5a-40b5-b5be-a69643fdec8d_181167697	en
7c535deb-36d4-44b4-91da-fb50f03db917_397339740	zh
7c5ad3a9-1e8a-43bb-9795-76d9a1d64199_197788389	es
7c5f1820-4320-43ad-b34f-05bbe4f678aa_63037737	en
7c62de2d-99c9-4de0-8c02-e064337c0b94_788136736	en
7c635819-84be-4243-acb2-324ea4403b5f_503017038	zh
7c6e3600-6f37-4bad-bd17-14584b51e594_274378041	en
7c811269-a965-4c18-bcb4-948ea56fb262_239683105	zh
7c86c6a0-c451-4c7f-86cc-220fe735241a_490432831	en
7c91a665-2672-4d9b-8eae-3ec3168be312_759974789	zh
7c93367e-814b-4e42-9e3f-834a1b2f7637_967584087	en
7d0510f6-76e5-4c19-a5c3-c9118aa71322_376836649	zh
7d1110aa-eb99-48dc-bef1-23bb0f91c634_576497092	en
7d416af3-9ef0-4fb7-a0bd-af015625d6dc_671005292	en
7d507d00-ec0c-46aa-86d2-8f5dd79e4588_211262330	ru
7d5f8516-c357-4de2-bce1-26b60eea1d9a_127668303	en
7d65eb8e-8ae2-453a-ae9d-7cf5c7a37915_634798048	es
7d859da8-8ac4-4c96-b680-711a4d1a91e4_569019076	zh
7d9564e1-c2ef-49b8-b404-d0942e4e1eb7_325065651	ru
7d9564e1-c2ef-49b8-b404-d0942e4e1eb7_327541044	es
7dcb30ec-472f-40f2-965c-2b254d4d20ad_391206568	en
7dd83f9a-7a7b-4882-b948-939919ccfe3e_52721939	es
7de1637d-50b3-46e3-9e0f-3ff9614fd449_410576676	en
7de4e7b5-a3a0-4b71-8dd8-8da69bceb1e0_197945338	zh
7e06bb67-0ba4-4bff-8064-c1718e88ec69_230807105	zh
7e06bb67-0ba4-4bff-8064-c1718e88ec69_659354336	zh
7e0efa4f-d8ea-42cc-b5dd-5eda1a84e731_227985808	ru
7e29514e-1ba1-426b-b5e6-fa548f3cea5b_658621426	ru
7e3795f5-35f2-4c1a-8200-507f35008918_1069508645	zh
7e3795f5-35f2-4c1a-8200-507f35008918_353838119	en
7e46e552-d536-4298-9de6-ae4d30ecb53f_653096546	es
7e8b16d6-89ad-4600-bc7f-9cc3785421ad_239718315	en
7e8d5e75-e68d-45f1-98c2-884c2144ce28_861317725	zh
7e90dd46-6d5c-4edd-9cc8-44393049008b_381695064	en
7e9315d9-adf7-4ac6-9ca7-c6f41609a19a_566428105	es
7e9a0161-d028-4b7c-9487-23a609405276_235559942	en
7eac839e-0cd0-4492-a1fa-099391f75fad_1070973419	en
7eae4f1d-38c4-46ff-a1e2-dc6cd0b20a4d_469579538	en
7eafb352-b81a-4ae4-9ba4-5bb8f62e5004_190779892	en
7eafb352-b81a-4ae4-9ba4-5bb8f62e5004_453992932	en
7eb329b4-782b-419b-b9d4-4bf5bf2f7c04_1061891491	ru
7eb81049-0a87-41be-95e3-2dfd47b4aeca_1061964173	zh
7eb98a59-0936-4414-8944-e8f2ed96e8b3_801301638	es
7ec19ba5-524f-4f3d-b2cf-df9cea4378e7_301109945	es
7ec19ba5-524f-4f3d-b2cf-df9cea4378e7_647201819	en
7ec6b666-4073-4332-a1e3-b1bb07cf3cf7_238894930	zh
7ec94186-3db9-4eb8-9e08-ecd61f41c7d3_710033653	es
7ece4ebf-4474-4fdd-bb96-2aaa891a30bf_143360570	es
7f08c408-d778-46f5-90bd-c270cb776d77_487614021	zh
7f08c408-d778-46f5-90bd-c270cb776d77_551495287	ru
7f08c408-d778-46f5-90bd-c270cb776d77_623213696	es
7f0f3ab4-4a0b-4def-9abc-4b537da5ba69_228596672	en
7f0f3ab4-4a0b-4def-9abc-4b537da5ba69_948329439	zh
7f15aa3b-2c6a-42d3-b23b-d01d8602d365_174794411	es
7f294f3b-264f-4b7b-8946-39068bd349e5_27009679	en
7f2b5a11-c415-424e-b952-e77768ef313f_107136754	en
7f35f000-70e0-4a37-85ac-d1fdacc5786f_973671510	en
7f36a500-355f-42d6-90f6-112ad170a6fe_192643200	en
7f4ef35c-fdc5-4598-9a5f-64664c3047b5_493163234	es
7f52ed0c-79d5-424f-b097-76d16313b055_174175440	en
7f72196c-a1f5-4f8a-ad7f-eda07e4c4036_726293966	zh
7f88c1e6-2cd3-4641-86de-0246c3922844_595973821	en
7f8f387b-1024-4cdc-9e7d-2908fc72ffcf_345244638	en
7fdadf49-c173-4eaa-95ad-90fac8354512_990842658	ru
8002803c-2b99-4a96-bc92-6959956318e0_54342031	en
801b918b-354c-4167-9a6e-d3421874103f_366529121	zh
805701ff-0856-4e04-b944-8069b3a57624_166253175	es
805701ff-0856-4e04-b944-8069b3a57624_589085790	zh
80572638-9516-4d68-9777-43a183abab7f_209243840	es
807f06cf-52b2-4af9-b3d5-ca9790a9361e_943188501	zh
80852023-f495-46d0-875d-8198bb9aafe8_105164681	zh
80852023-f495-46d0-875d-8198bb9aafe8_955099012	ru
808d0b74-a3cd-400f-930a-2aa973a20909_559172499	zh
809269aa-7e01-44c8-9add-7c053e9aed60_54004498	zh
809ec277-0831-4769-a672-0d449dbc84e9_895215066	es
80b54fba-b640-40ed-a79a-aca3b803cd54_260112108	es
80bb6928-9bfa-41c6-b187-c8b9601700a8_399907691	ru
80e14c0c-cbd9-48cb-ace5-70270115682c_681005391	zh
80e72527-be4f-448a-a7a0-55c3c37c318d_647123455	es
810ab37b-946f-42e3-97d0-070a9a28f72d_775783524	en
811d7698-c69f-48b9-8575-c24bdecc5712_90450751	es
81229155-128e-402d-8cd2-021492d06177_780312488	es
815f884c-4de9-4595-ab92-40f4e7a11d4b_763925901	zh
8172aebd-3562-4014-af59-7fe8e98efff0_893026814	en
817e9d08-ead5-4809-8cec-29adbffde119_745897163	en
81983d94-a464-4168-86dc-d0207a0287d4_159641690	zh
81a7fb1a-2885-473a-934d-3993edbd2518_853133937	zh
81b5498c-1fe1-496c-bf8e-e41fcf55c6a7_1043637259	en
81bd4ecf-6dcf-4408-a784-42cc345a06ed_632138259	zh
81dfe1ff-9661-44f9-958d-6252e4694c2a_155465530	en
81e91c07-c4d1-498e-bbcb-cd3629b6d5b4_620461923	ru
81ecf28c-69ed-48af-9715-eddf73c8bd68_1048339024	en
81eef522-65bb-4f44-ac9a-7a795862590c_872400203	zh
81f8a198-118b-4871-aba1-61781e7b18fe_329033302	zh
81fcfc24-19b4-45c3-8729-fd5edacf5fcc_54095201	en
82082c6f-d153-47f9-bfef-5f90d9fcf94d_306119638	en
820d8bae-29b0-4f39-b467-52ea66e583c4_488904222	zh
82110096-cae6-4eeb-81a9-49863921ca82_978797427	ru
82364304-a1c6-46f8-98ad-908d1cfa8d91_374846805	zh
8250ea82-3bf2-4293-a80d-5cef47e7e4e3_806141536	zh
826da006-2d3a-4f4a-9a85-4223e4bf1aee_651637934	zh
827564e9-ccb8-4e23-99fe-e186fd6337fa_981219549	ru
827b131b-ae7f-4dbb-8724-846c187095b1_757764624	es
8291ee4f-75ac-4db7-a4dd-a2a4ffbefccf_1044240872	ru
8291ee4f-75ac-4db7-a4dd-a2a4ffbefccf_541974121	es
82a2cdf7-6334-42f4-9521-623571cc2808_738418118	en
82a94e73-a8f8-4f73-962b-a4625c8a66ff_16381811	es
82addf06-5bd0-4a11-9b58-a0b39f942d10_112206696	en
82c445ae-e40c-47ce-b3b8-55f97ad7db85_404427485	ru
82eee5ea-edb9-407b-92f5-c4356df172bb_859351932	zh
82f55a6b-f7cb-4dd2-832b-cb9df3e5fa66_312895742	es
830c767f-87b0-4606-b7f2-3a45501f126d_859966938	es
83164103-8b68-475c-a483-deadefa0e713_299346421	zh
832c6fe0-2321-4541-a285-f596085d29da_975059562	es
832dd93a-841b-4104-b941-1664fab4d642_1000475099	zh
83435533-4bd1-4431-ac4c-ce70b6ed4ccf_772351423	en
83485c0c-179f-426b-a583-38454568e59f_175548926	es
83485c0c-179f-426b-a583-38454568e59f_319968661	es
8350a02c-f21c-41af-9592-3df2580613da_616952631	ru
8352f55a-f1c6-48e2-9ebf-a1eadc1d94fb_505720887	zh
835aec63-9242-4098-9150-8090295fe965_160721756	en
83634261-56c4-4826-b51c-1d3ad77e6428_931109048	en
837cce40-ef54-4eb2-ae37-2bbb870733e2_601021484	ru
8395e51a-1058-4717-9c24-96f5079fb082_331476113	en
839623a7-f917-4188-ac18-5c787c8be8b3_254682111	en
839ea37c-38ce-43a4-8823-71cd4f3a85ef_1006897912	ru
83a6717d-fcaa-4cd5-b9be-f1a82b9d1bee_862370950	en
83a94f29-054f-4835-9730-9ca53a3addc2_430521254	zh
83dc4867-6a2a-406f-818d-1d52f259d5dc_413262063	zh
83e0dd34-9d2f-4686-8296-0857d2c6a22c_916435897	es
83eb2bd2-bb4c-4e56-ba02-66e51a082dbe_418192944	en
83ef49e3-a274-4cdd-bba0-a05c75253ad8_472176394	zh
83ef49e3-a274-4cdd-bba0-a05c75253ad8_924105293	zh
841bf963-f828-4462-a15e-2a86a5f30e39_366447575	es
841d45ce-d345-4e8b-a072-c3cb408a90ac_934124842	es
846bc742-9084-429d-b5ed-7b02fd4d0caa_778532732	en
84a45188-a325-45ad-83a2-55f9c7ba709f_374599486	zh
84a4918d-3a40-42d7-92f1-dda168dff23a_815360525	es
84a82f28-d7a8-47bd-bcd0-440932fdfe59_658313586	en
84bb0795-4355-4a9f-8ec1-198fca622920_363362458	zh
84c765fb-6bd5-4044-b378-e5719e53a3f4_944415603	zh
84c9e88f-71ea-474a-821e-08a6332b2f6e_129708143	ru
84c9e88f-71ea-474a-821e-08a6332b2f6e_43645247	en
84cb61b3-a302-4ccd-a037-6bf2888a0b77_1007757013	zh
84cdb858-87f5-4880-a981-7b40b3cea3b8_193349127	zh
84e89e27-77f6-4e11-9cd4-2369f9b50040_540648789	en
84ee1e79-97e0-4de2-a42e-fbf9b794bafb_830225414	es
84ef1758-1297-4fa8-90b8-9e85e9fc5807_368794881	ru
84ef1758-1297-4fa8-90b8-9e85e9fc5807_448918110	zh
84f36398-43b1-4d2c-ae19-d7b6b9180270_1030758998	en
84f400b8-0acb-4a4f-bfd3-5535c700750b_140177912	zh
84fd3007-447e-4c73-8d3a-0f143c3096a1_4789118	en
850d2ea3-0701-4bfd-95ef-578d3df5ceaf_256973140	en
850d3700-9d0a-45e4-9715-a967176d310d_336235362	en
850d3700-9d0a-45e4-9715-a967176d310d_379642222	en
851a8167-e4a2-4da1-85d4-1bed086c3fc0_561512595	zh
85565436-5df6-472c-9186-73312732c714_200944904	es
855cad87-6c8a-4aff-afda-de343896d753_139583790	es
8567e831-9a13-405a-aeb5-68a80a2d1f41_898187292	zh
85736276-5843-4246-9df1-7baa504fed6f_400267645	en
8588d3f8-9c77-43db-8b2b-6bfca9fcb1fa_18340188	es
85917ffb-046f-4831-89ad-bfbc0b85b317_629458741	es
85ada561-9195-4743-9c05-89eb5288115a_343602035	en
85af3e9a-9d90-4b78-bfa2-0413cd847d08_86101970	ru
85c23474-815c-47a1-b32c-97e584ba6c6a_693311487	zh
85f36da5-c833-4b8d-95c5-c8773b10386c_62441497	zh
85f8e514-d127-49df-8b2e-76a051ef8d32_354771396	ru
85ff3f6b-e067-4121-a1a2-1d2322217ae7_935252521	zh
860b424e-2fbb-42c1-b205-1f7bb4db9bdb_537952578	zh
861fd1d7-4757-4ab7-a9bd-221c992b1262_12595082	zh
862bfa49-d491-421c-8177-0a098d5bcdc6_580708539	ru
86350348-eb05-4695-8fde-0ceb4d42ed02_124029387	zh
863f2631-8ed3-4f9c-b755-e20ad3b9186b_516117278	en
8646e8fc-a078-4b10-8492-e55fb746beea_873054749	zh
8661a9a6-97e3-44cb-853a-d46bea32f574_27283297	es
8661a9a6-97e3-44cb-853a-d46bea32f574_661761114	en
867fda1f-d730-4af8-b374-cf6082a429dc_1063501517	zh
867fda1f-d730-4af8-b374-cf6082a429dc_1065400390	zh
8683e583-0c7b-4fdd-b141-a8508e476e67_809630909	es
8693158e-88c0-406d-beab-f7507f01d334_266944206	es
8693158e-88c0-406d-beab-f7507f01d334_721622102	en
8693158e-88c0-406d-beab-f7507f01d334_942918567	es
86a54bbc-a1a0-4ac5-a025-8accde4836d6_177262602	ru
86a89eac-13f4-4c42-aa28-ccf60cd8a525_603451458	en
86b0de84-9259-4b43-b708-9346b6ae1119_987906927	en
86e73377-975b-4c1b-96d7-f6efe62160c5_610722724	en
86e73952-24ce-4a1a-96b8-f459bf6d5de3_638299982	en
86f3ce4f-dd47-400d-891b-ae52368d74ba_764394924	en
86fa5d75-7989-467d-a970-923e9f69c813_39667855	es
8706056e-8092-441c-ad40-d3228aaf7a31_802756316	ru
87096212-ac2f-471b-9bbd-52265931f951_109774534	en
871577c9-6093-4b85-810b-2c1e724fe1ed_614694716	zh
8734b4ea-a559-4817-af8a-23060cb31da4_776872023	es
87b1ef42-91ed-43b9-bcae-03ee2364f342_539707592	en
87b36910-7875-4f66-b9cf-927ac7ad8171_215355527	zh
87c16bfb-c650-40a1-872b-7ef4c9e0fb64_379612122	en
87c892b6-d12b-4cd3-9e4a-f9e7ee45e41d_794787173	zh
87f03e0b-41c3-4a38-a13a-06582f9373cc_567331474	es
87f3dcd5-55a5-479e-93d1-688e1fcfefd8_57333875	es
87f5be6c-c3f8-4c1e-83ee-c8f92dcdd80d_1041510171	es
88170477-fcda-41f2-b24a-e7feac00fcb3_131107502	zh
881d8ec5-21b8-4958-9000-42a0264cea27_182275279	zh
8820d3d4-3bd1-40de-8ad3-37566c14626e_39024891	en
8835ae28-b124-4f92-8426-253a7812f47a_386981354	en
8835ae28-b124-4f92-8426-253a7812f47a_938794583	zh
885d7b96-d3cf-4d10-a3e7-5ac07edbd0bb_458204719	zh
8876c6f5-84e6-4673-b027-4674cf796dcf_480174494	en
88816e7d-4ec3-4086-b27e-48e541a2ba49_42254642	zh
888aeffb-bf45-4aba-95e3-cc67044aaead_26324980	es
888bee55-4a88-4ffe-8b9a-d38c8cf2c748_201324167	es
88974ab9-39ee-4223-a788-b7b06ec14cfe_833780575	en
88aff0e1-84d8-4f0f-a9bb-c61563c7a5de_915740388	en
88b8ce09-643c-4b8b-a1a2-18d3151c6bd7_38413957	zh
88ce6dbd-180e-4484-9915-d05361b0ce63_609871330	zh
88d1fe22-c0ab-4dd7-bfe0-69e291efeccd_110135463	ru
88e9195a-14b4-42b5-9fc5-b93f9e3cf4d0_324186178	es
89061b3d-21d6-4bfc-b7d8-9cf58ad36107_974948651	ru
890bbbdf-b98b-466f-821e-59825817e022_1057552436	ru
891c31b9-2fdb-41e4-8c9f-66b7f22e46ed_330691789	en
89245f36-8a10-431d-8b46-22e2fbeb9292_510580359	en
893e9dd6-1610-494b-bfb6-df9722da6658_532327137	es
894193e7-1ca0-4e00-ad41-91e60f54130e_881323799	zh
8967810f-73f1-4809-bb83-c4ccc87349f0_387650195	en
89744f1d-397d-447e-b5b1-9f8afa0b43b2_762437553	ru
8984bbb4-b0f0-42f6-81f3-dbc8c3c5654d_744883998	ru
8986c058-85d9-40f8-bbf0-465581ec158d_561298514	en
8991c3d8-2c8f-4d03-8bfd-831eac710881_657806977	es
89aca9a5-d558-4bb8-9299-e2b4a97be004_449191620	ru
89c9a576-8465-40b6-bb0d-332ff4367ac5_932945048	ru
89cdbd6b-c172-4c7f-8e2e-e1a93afbc880_205510770	en
89cdeb04-666a-4118-8283-5c02a5b58de9_511669515	en
89cdeb04-666a-4118-8283-5c02a5b58de9_724530760	zh
89ce2c0c-a58f-4bf5-99fa-67fd677e5cae_695024573	ru
89e30cf0-fd09-46cc-b545-2ac4b2aa57ff_111521765	en
89e8845b-0d99-4c60-b7c9-7331b5d53d2d_242637913	en
89fe00c3-16ab-460b-8e6d-94d51253a4a7_206487588	en
8a0def42-cb0e-45e8-9aab-e33529c1a51f_435506017	zh
8a0f309e-0e98-4c61-92e5-4d686f7d9e70_3419675	zh
8a1d3934-0ec7-4662-baf1-6725704d15fc_681149162	zh
8a2eb117-0514-4359-baec-c0133a3a9108_466748805	ru
8a52a751-7464-4bb0-81ad-25f3a3a767de_162104211	zh
8a6ef784-106f-4933-9bda-cb6f3ac28fe0_491692615	ru
8a73f3eb-655b-4602-b907-e965caeb442d_1037408583	en
8a89133b-5adc-43e3-86cc-af8a0a341f54_158865140	en
8a89133b-5adc-43e3-86cc-af8a0a341f54_283627416	es
8ac19821-5f9d-4ea8-96a9-9a2a8ef51d44_267924854	zh
8ada858b-5fcd-4b21-815c-676d2659b15f_409884632	en
8ae16ea8-ea7a-4e93-af12-9b078db5fe54_131579670	en
8ae16ea8-ea7a-4e93-af12-9b078db5fe54_156601389	zh
8ae6689e-b465-4a52-a1a1-1706a240f131_273792482	zh
8aead1a0-dbd2-4688-afb7-cd9fd66014a2_706742843	ru
8b0256c9-c788-498a-884a-e817d70c0aa9_582170979	es
8b056fa2-0986-4656-9e45-62b9225c2535_668464600	es
8b056fa2-0986-4656-9e45-62b9225c2535_899659734	en
8b077483-0d44-4049-b0bd-d379c9b383e2_68778110	es
8b0ee93d-2bd7-4266-a52f-41620052e3bc_264721684	en
8b1fb7b0-35fb-4a04-b24d-b9756a92638b_191576170	zh
8b3ad19f-12ec-48bc-a298-3ad0cff57f63_752074455	zh
8b4f4c1e-487c-4250-846e-31739ce65460_250779994	en
8b52dd02-7027-46c3-96d6-ff169bd35645_951756405	zh
8b77245e-7e92-4823-a737-bd839a5a8492_294226684	es
8b7ceda6-3245-4986-9a05-3e0ccabffa29_444117699	en
8b8655a8-324c-40ef-808c-b0a741fc3075_231517349	zh
8b966249-120a-4c90-8449-cf9fc0fc9e27_659248541	en
8bab1196-5272-4eb6-92fb-c325998c1ba9_339053509	en
8bb27f0b-46c3-4e6b-ad3e-0d8cba7ad69d_30654206	zh
8bd5be6b-d422-4a7a-94ad-0f5c141c23ea_936302992	zh
8bd79b93-47e9-4284-9d6c-4e8859198d47_934339337	zh
8be372fa-d5ca-4c34-bd98-2ec19e5cba03_942850390	es
8bee53f3-ad87-4c7e-b1a4-4056c062d8a3_330709818	en
8befb043-bb0f-45c0-a4af-82c096cf652b_963854593	es
8bf295d8-3c46-4f8b-956f-141f9dc4f6b7_971254708	es
8bf9bf38-d98c-4d25-b1e0-e9dbfc2086fc_958503590	en
8c00cbc3-c6d6-46dc-9901-f9c63a43211a_792126706	en
8c095063-9a03-4c45-8ac8-13bdb350222f_1052487895	zh
8c095063-9a03-4c45-8ac8-13bdb350222f_850280462	zh
8c1b039c-a30e-4ea8-a0ba-89004630161a_682601998	en
8c20a468-20ce-45de-a259-87e9eea398e4_220411561	en
8c25cc4b-b0da-4142-b21a-08fc44ab0524_1020972721	es
8c291234-67a9-4dac-b0ec-433d32d70447_440261102	es
8c3af87f-3ba2-4c12-abd8-3b4732fcfeab_67708297	es
8c5e63de-e6d7-44eb-a449-4af12d5bf5c0_139788172	es
8c64f9d5-5928-42cd-99be-b854de4b7b3e_309165534	en
8c64f9d5-5928-42cd-99be-b854de4b7b3e_588318100	ru
8c6c0748-a822-488c-808b-3541fb58fb47_256812528	ru
8c79aeed-4e2d-40a7-a9f9-264df83f83a4_411680661	es
8c79aeed-4e2d-40a7-a9f9-264df83f83a4_670101858	es
8c849438-378f-4c1d-bca3-aecafd2b8170_192097038	en
8c9dc155-60b6-4559-9259-2e16145196a9_252068329	en
8c9dc155-60b6-4559-9259-2e16145196a9_702586696	en
8ca1e734-31e2-4aef-b352-7c0de4136e65_111528348	en
8cbb89a9-4388-4a18-81fc-e08aad9ccf2a_566052884	ru
8cbf1606-2102-47ba-9821-199d2e1988d8_864525686	zh
8cf85796-13cd-44d5-94a7-26ddac41aafb_878906562	en
8d00f3b4-0f4e-40ca-b63b-404242f5a7f2_782252956	zh
8d19635d-dc84-4619-a897-297a9d3aa26d_34430000	zh
8d1b892b-4caf-458b-90d9-779b9d20941f_679745016	es
8d2aca41-a4e3-4ffe-a84e-c6b8efc67971_748628723	en
8d45e573-f289-4a71-b366-e07cfcf4c3f8_227479802	en
8d4d47aa-f6b7-4b83-92cd-805e518996fa_633645698	es
8d54958e-d453-434a-98a1-adedae20eba8_418341561	es
8d727d8e-db53-49bc-9624-24f36b86d94a_983801141	zh
8d749b68-b7c3-42fd-8f7b-9525a4ad93bb_169740402	ru
8d80969a-fab1-4bec-968d-8815a9beecd9_849722092	zh
8d87148e-a45f-421b-a999-dc8a9e9ffe98_61006980	en
8d88f531-febe-40e7-8881-e93b2ccc660d_407365387	en
8d8a8984-33a7-4344-aad0-0356a805d306_986708999	zh
8d98a3b5-5080-4323-817a-a969397a48bd_311923310	en
8da4c4f5-a7b0-4c97-b551-8938814654e5_290836678	es
8da4c4f5-a7b0-4c97-b551-8938814654e5_551780577	ru
8daea032-b486-4b20-9994-6176ae149533_597460780	es
8dea085e-2ced-40ac-a41f-3c45a80c7b43_261128363	en
8e02eb27-799d-4299-9b65-4a034d7227e6_493999155	en
8e02eb27-799d-4299-9b65-4a034d7227e6_523074807	zh
8ea05cbb-9892-4885-8133-fbfcf5ba2bda_242469196	zh
8ea1c2c0-4a62-45b2-b3e3-b1561482ab81_815723332	zh
8eaec992-66b4-4623-8f5d-5d084aa80eab_63372038	es
8eb5d031-8859-4164-8b25-5951786f2177_823644784	zh
8ebf1b9d-a011-43f3-adf1-21e1a50c7585_95950969	zh
8ec30a1f-0708-47b0-a59b-fb11a7d00a01_783215111	es
8ee29037-b0c3-4bbc-84f6-f0e4247b71e7_598169849	es
8f0bba97-53d7-445c-aa53-ef576167f5a3_232780578	es
8f14a73c-cadf-4233-8abf-521a7774fbbb_935843844	zh
8f3dec3e-2bd1-49d7-9b80-7dbfe55ba415_960306720	zh
8f58e6c5-ed4b-4d66-91b9-deecb1f8559d_784336159	es
8f74a0d4-3985-491f-8fe5-182e22a2f090_22011791	es
8f7d619b-5634-47a0-8aa3-fea54a8f4d67_678230971	en
8f861074-fbc5-4c05-8bf5-031446863109_214558359	es
8f925a17-8e3b-4bc2-841e-9fded80a476c_463054047	ru
8fb04f4c-0446-4f55-83e5-f52fc5874fd9_153493861	ru
8fb04f4c-0446-4f55-83e5-f52fc5874fd9_979062459	en
8fb6c8e4-bd63-4554-9719-cb523ea5b768_122975946	en
8fb6c8e4-bd63-4554-9719-cb523ea5b768_266115803	en
8fbe9936-6661-4e3f-8956-da4b5b04c6ae_1037552303	en
8fda29bd-e052-4d69-8fd5-9658aa93d5b0_383533451	en
8feb9eb1-7481-432d-a445-526ef149fd2e_1034236940	es
8ff7ffb6-3b26-40e2-9c56-d40f4622b4cd_223939448	en
8ffbbc8a-3170-4956-9902-ffe09b955099_945672493	zh
901e8f93-68db-4736-ad2a-6a66a3b08302_221105286	en
9033d61f-3c6f-4c88-876c-a409bb2edabb_360529707	zh
905217ad-0b34-41d0-b153-f422408563cd_1015311954	zh
905ea931-32d5-4971-b223-a102ade17176_468238899	es
9065611d-1da9-4c1b-838a-66455f87519e_522253667	es
90740720-3cc5-4433-9a5d-4d051f0e0358_370604318	es
90756bf2-262c-4b5b-b134-b246616a7a91_297207218	ru
90884408-0e81-4e82-b05c-6d5e3880f722_277494537	ru
908cbc7a-a6c4-482f-a8d9-e882e7b36a14_762450658	ru
90a396e4-d4cd-457b-99c7-4e4b76cbe742_429089292	es
90b210f2-869d-4140-96f5-e49400d670db_115233324	zh
90b29c35-2061-48f5-9896-ba69b86db81e_878422128	zh
90ce6f83-cfff-442d-8ad4-086c6ca2f5c5_21322569	en
90d21230-9395-4033-9254-5b36f073083d_422844369	es
90dbfca8-7d10-446c-bac5-6e0c014d0f62_731876025	es
90ee5367-c7f4-4856-8bb2-c965f200129c_74042083	zh
90fb13d2-525f-485e-8c7f-99b4c0814fb2_98644051	es
90fdda18-afb4-44f8-b835-d2199016ab2d_131408177	zh
910c0fd6-5f39-4ed8-a43c-d978b769ff55_86718847	zh
9116b4fc-c776-4801-a8f3-99ac8d2a905a_479542150	zh
9136677d-ac0b-4e5f-a201-462adb12add4_709999525	zh
913a93d5-8d98-48e4-b17d-81ab9087f29d_377669224	zh
91484417-f223-4bf9-ba3d-91985fcd0662_276714868	zh
9152a84b-48c5-481b-959c-1413012965a8_335582555	ru
9158c003-9dc2-4633-9d8e-fb420ba363bb_162106944	zh
915d8a6e-652b-4dff-ba83-0d339d1d0f2d_253456281	en
915ebaa6-5be9-440c-8be7-532a97475a5d_537984444	zh
91abc8cb-aa04-4839-953b-8adb4bef7fac_594049863	es
91b52544-3e02-4ef0-afe1-c9782bedb200_201635289	en
91b52544-3e02-4ef0-afe1-c9782bedb200_305976962	es
91e27055-0048-4c47-8be0-8cce4e68739a_23944069	es
91e8012d-52f6-4d88-bb5e-f4d0fc0873c7_458748064	en
92090fd1-bae7-4726-9766-16234b4e467e_573868757	ru
921c645e-c23b-4bab-8fae-2050abfd0422_888566503	es
921c9a2d-935a-4684-9c5f-c2a2c7518579_657054209	en
924926bb-5576-4df3-b67a-f5114e516432_1019201385	en
925467ab-7e77-4a0f-b127-d20919e07315_8277588	zh
926b4721-00d7-4db6-a201-93e9232f2e3f_481326720	en
927229c4-eff9-4b2d-8bae-cfcfb682802c_465881239	zh
9272b472-63d3-4221-a804-367d883e988c_437201009	zh
9287481a-3a0d-409e-9a3c-bd168a09cf42_1042687524	zh
92aa5733-9a17-4131-aa4b-34721700da30_168556823	ru
92d5bd57-2b33-4ffe-a8e4-48137f0fa6f6_730367156	en
92d8bb6b-13b4-455c-96d7-dcf3d65bc928_114843673	es
93119b43-c1ef-4623-a0a3-24188cd51675_653020107	en
93309b49-6790-4ffa-91dd-4d399054ed1d_483549599	en
934250a5-7dac-4d5f-b5c0-ea3d24693b44_565894637	zh
93432481-b547-4b28-9fdf-b838d6ce4c2a_695227718	en
936b7ceb-d268-426c-a615-ff5c6da6d575_341804276	es
93775b2b-01ba-4ca3-aeca-5ed9454fe793_572213550	en
937f080b-a95a-4200-b726-314ac16afd38_533360081	es
9389dc5b-3780-4b29-b395-cbfdb02acc7f_905537333	ru
938e3172-649c-4d7e-92f6-a940babfc353_473274822	en
93949287-497d-437d-b4c1-50a1dddc83c4_785006045	zh
93a4e6e8-4d8f-4b5f-994d-0d2f33a01f48_1005409478	ru
93d3d11f-46d3-4ad8-a580-a09f244c5507_774840780	zh
93e240fa-32ce-47c3-bbd6-a4ac6ac3dc4a_818905992	es
93e93173-9267-461e-adf7-a1232c7d1f6f_821543326	en
93f2c591-25e7-47a8-866c-14aa08a94e46_600650688	es
94039a6d-68b8-4d34-acd2-3efb8a857778_59509593	ru
94039a6d-68b8-4d34-acd2-3efb8a857778_59703826	en
9407c0f5-0a42-4dbb-91f1-c6472fb478c0_148717661	zh
9407c0f5-0a42-4dbb-91f1-c6472fb478c0_518020358	zh
940b83f7-af87-4242-9615-8597f9087952_122334116	ru
941bb6a1-0562-49cf-b65d-40a1edf10f98_903436754	en
94359746-9f66-406c-a0e9-29e34a95c2d9_83312932	es
943ab815-28b9-4d8a-b8af-f47bc244eaab_119500088	en
943ab815-28b9-4d8a-b8af-f47bc244eaab_852842357	en
943b4390-ebb5-4115-8f79-26489f271b16_151923790	es
946296a7-ee3a-45eb-8f45-fb81d04b1e55_146308836	es
94749fa6-19ca-44c6-aec8-a45a68d08620_20078790	zh
94833113-040c-48b9-b1c9-96bf8000456e_6210314	zh
948a209d-bd6b-4e59-a576-d36f9b74380a_189682869	ru
9498b6b9-7de7-43cf-bc4d-9efcf1e15d79_799992520	zh
94a17499-4f6b-4cc6-ab9b-49cd63c59dba_270721726	ru
94a1b210-8609-4439-b72d-f9dd9d753ba6_1356716	zh
94bab423-fa9f-4ced-83c4-02d8278ce08a_117770829	en
94bd8b75-d454-48dc-b028-542cccffd7f5_26837403	ru
94c1bc49-016a-46c3-a7e8-10ddc953a08c_444240931	zh
94e0a0ef-b158-4a9f-924f-436132248200_154170757	en
94e5f50e-b422-4dff-9bc5-e4db0ab8569d_1052380944	en
94f0cfb5-fd53-49b4-ba1b-627a0b2c5914_84586121	es
94f45ca2-a824-4742-86cf-6232e1dae725_770830931	en
94fde028-9af4-4068-b717-af033b19ab25_216215886	en
9543b6dd-7434-46bd-b2d7-23265a8a6501_955709387	en
954d841d-a956-49fe-adee-af58f4ed45c0_2800994	en
955d6aab-9fc7-4c27-a85a-c79e5dcfb3c3_740086014	en
95632a67-dae0-4e96-825d-bc3cda1795a4_750308745	ru
95663994-31f7-4f7c-b2d2-83387cfa1aab_394698387	en
95663994-31f7-4f7c-b2d2-83387cfa1aab_73228506	en
958ae1ee-19d5-41c4-8e42-0583f3ed6841_283699093	zh
958ae1ee-19d5-41c4-8e42-0583f3ed6841_291821345	zh
958d289c-5828-40c6-babf-cd9ee85f8480_822587875	es
958f6206-7520-4b1b-919d-9e46b9cf9a63_460767358	es
95ab0710-9d42-438d-ac98-063fd64d3f21_1047923059	es
95b8a861-83ac-4934-8155-92f4f36db401_416264477	es
95f1c1cc-fc9e-425d-9213-6e1be20559cf_35581363	zh
9600b071-23c8-42aa-bef3-55f7df743eea_419033764	en
96052ef6-de2d-49f4-b4c5-0930ec1a6598_644562751	es
961bdcd8-6cef-4c9c-b0af-4cf15c93c475_354907327	zh
962222fc-dff0-4995-a62c-c45dd9a8b1cc_517865005	ru
9631d838-8ebe-40e2-a94f-9008a3f175af_838640504	zh
9631d838-8ebe-40e2-a94f-9008a3f175af_949237791	zh
96384c5a-03c5-4998-b12d-ec7bddfa1e2e_791358144	ru
966117c3-4cc5-4221-af4d-961d82ecb1d1_994011348	zh
9693a713-44fc-45d6-a525-72d8f8267b49_503924775	es
969a04db-7193-4565-b302-23137d5635df_689297069	ru
969a04db-7193-4565-b302-23137d5635df_832867884	ru
969cfdc4-714d-41dc-a02c-3c9d4ba5d3e5_882435146	zh
96a1c657-13c0-44e3-8030-89f150ea8714_135592457	zh
96ac3ba3-7b51-48be-8064-d29ce56e18f8_1026704909	en
96b1521d-44d7-48bb-918f-9d2eddcd857e_659461869	en
96c6cf04-15ad-482b-a433-191bec7d1805_730203856	es
96cb6cdd-9cdb-4d44-826d-efcdc0dfa620_170164534	en
96e61646-f521-401d-9484-de4c0d40f4b8_298018153	zh
96ee6493-9d42-4c83-9d1a-5e8e4bb87f7e_48560813	zh
96ee6493-9d42-4c83-9d1a-5e8e4bb87f7e_733345995	zh
96f320ab-c1f4-4a29-b858-a920acbfb2e5_28739735	es
97013018-46fe-4796-b37c-fdd8da98de7b_733963537	zh
971e3e3f-96fc-4e32-bc30-275996b10fc4_388341154	en
9732a5ed-35aa-4e60-8629-6c40194cb295_34623690	en
9749babb-dacd-4c90-9e4b-7b0e777899bc_440442722	en
9749babb-dacd-4c90-9e4b-7b0e777899bc_922953536	zh
974ce5df-76d8-494f-88bd-19a564ef34ae_1011913927	en
975bdc5d-5526-489e-a6b0-f03f5562d089_721316552	ru
976cb2c5-4684-4603-ac4d-bdf410f4f8e9_383424288	en
977698f3-2b23-410b-9783-21b709301af4_853829329	es
9791045d-53b5-42ba-958b-fbb6dc530456_793926627	en
9796598e-e5cd-4b19-8665-f50cecfea01d_770910576	es
97a47ad3-5d08-4cd7-b415-852b92d2cbd4_896397828	es
97b014c9-d996-4206-b240-6c9c6a4b3ac0_531746640	zh
97b84045-1101-46d2-ae3c-d4fdcccb7467_880210047	es
97b8f6a5-5920-4e1d-b0cc-850f74bff05f_996218153	en
97c10d82-cadc-4867-a569-ea296e0345a4_877586988	ru
97c7839b-aa6d-43df-8569-0713f1b601a6_1023647763	en
97e1943e-0784-474f-bbf2-53d37967d940_490736969	zh
97e63a47-7c14-4575-9872-a2a862306281_606009736	zh
9807848e-4362-44b6-a271-498de3982470_111604577	en
9810194e-11c3-42c5-b048-ad2ae71a20ff_627199899	es
9827f762-03c0-42ff-9496-7b9d2196c85a_148413809	ru
9827f762-03c0-42ff-9496-7b9d2196c85a_594603009	en
982c16ac-246c-424d-86f1-9e4711073d3f_1050142212	en
9837c1b2-5ca2-4cfc-9285-487433e6bd64_18127816	zh
98672f7b-2c0f-4cce-a2ce-77f2d55e90a0_972584395	zh
9867d693-e0ff-4ac4-885e-702cc965dfab_214740714	es
98bb7293-402f-4e4c-b10b-139b84f85f0a_569722483	es
98cc1dac-3b6a-4283-8784-dcddb3c1686f_746129117	ru
991abf56-5733-4fd9-a42c-135747ed6c40_16315254	es
993414d4-e0a0-4a68-9eea-bb4a6306335e_521489970	es
995c94a2-4577-415c-8ce0-9bf2ead7848b_262866608	en
995e9ffd-3410-445e-97db-4bc7951ab9a9_968839117	zh
99652887-0633-4658-b24a-40909f243017_689022957	es
9968b4eb-c181-41df-ae31-0f030e1c4385_795367429	zh
997748b0-2074-4982-ac0d-798941ac20b7_269177232	zh
9987c9ad-a987-4acd-8719-7a7a960225dd_259490107	ru
999709c2-6db7-436d-9e48-167db3eca314_767400209	zh
99bd724f-d8c3-4f5d-8fc0-8ff575b661b1_455847196	es
99f33741-0c5d-4260-926c-16be950bae8a_715721677	zh
99fc754d-5325-4755-9e55-b7860fc1f9f6_55968303	zh
9a7f8c68-b289-4bd3-b2ad-9d30cbb30323_675562111	en
9a800582-c01b-4156-addd-7798adad53ee_662963969	es
9aa37be5-e486-42bf-8f80-c9a9de63bda1_392517283	zh
9ac37b7a-02d7-4aa1-a25e-e202cf32819e_247819552	ru
9ac37b7a-02d7-4aa1-a25e-e202cf32819e_846736880	zh
9afb57a5-8aa4-416e-83bf-dd1326e4ccec_149978668	zh
9b082d49-5b32-41b7-81d0-96268f67cc41_946886973	en
9b3b0272-b165-4990-8979-a00c20d92a2c_143486042	en
9b40e2de-3e6d-462f-bb36-fe2998c8dac6_65027880	ru
9b62274d-97ee-411a-bfa3-965c0ea07a95_896005664	en
9b6c2355-092c-4464-8f32-a8ed1fe42f35_173806794	en
9b8cee2a-d0fe-4457-918f-efa92c8b0b63_751486242	es
9b95a346-03b3-49ba-86e4-adf7e644b438_633710152	en
9b9624fa-06ba-4f98-805d-674b8a8802ca_20471028	es
9b9f8be2-d6b8-4d95-9482-f8415bab065b_499777952	es
9ba1561a-fc64-4cc3-b0ee-218d2b7a3e8d_869015776	en
9bc3e85e-93c8-45cd-a347-5c8072e7ed40_696889309	en
9bcb9b82-9083-4baf-9a96-62142a3cdb7a_405393886	zh
9bcb9b82-9083-4baf-9a96-62142a3cdb7a_962191013	zh
9bcd5ff0-75e9-4452-9333-c95469f1dc22_699699991	en
9bed6834-cce4-4fd0-bc21-8188509ece2b_850767825	en
9bff3f3b-d673-4420-8cb1-be0c31e0efa1_797142024	en
9c22c8be-5fb6-45e6-8201-81d909bd0599_626796186	en
9c22e33c-851d-4027-a9d1-92df73cca491_800621976	zh
9c4b5e8a-18ef-4f79-8924-6749a9805b17_676343259	en
9c4b5e8a-18ef-4f79-8924-6749a9805b17_935289598	zh
9c5da735-4cfc-49df-a14d-602cd9a0e57e_561474986	zh
9c80a487-e858-4789-b13a-033755d40905_568798746	en
9ca14216-af64-4af0-9d08-e4bcf3aaca54_476747272	en
9cadc9c4-1908-4153-94fe-95c777bfa2d4_460183105	zh
9caf3dd4-b1fe-4ff6-b270-047c27156e3c_1004229728	en
9caf3dd4-b1fe-4ff6-b270-047c27156e3c_838603815	zh
9cc2d2b2-49d8-43f9-bff7-1730ba778db7_137054594	zh
9cd0769f-2f7e-4dd3-90fd-e4811224aed9_347906782	zh
9ce958c4-c636-4c04-b480-a01976af2000_639104739	en
9d02b6da-51dd-4a52-820d-f48cd64ee8fc_317370376	en
9d04207f-fd89-4825-8644-8a021556c0cd_571111192	es
9d2f72d6-7ad4-45f7-a9f8-40c9fb1a94cb_874638006	zh
9d3bffff-99ec-4002-9161-2ab24a1386f5_272862214	en
9d3bffff-99ec-4002-9161-2ab24a1386f5_282723356	es
9d478383-89c4-4421-a8b5-26b5c6d01a5b_276019738	es
9d53052b-5fc7-4835-aecd-800fe5577178_930571016	en
9d61616b-7b21-4857-a3b9-6290ccf722ea_158596103	zh
9d61616b-7b21-4857-a3b9-6290ccf722ea_49895888	en
9d6a0674-ce14-4937-a608-7ff6962788fc_275803912	en
9d6a0674-ce14-4937-a608-7ff6962788fc_64957438	es
9d784f9b-8ebf-461d-a914-50948d5e9f1c_149796456	es
9d791aa4-99a3-4bbe-ae36-0d89e9917955_13025749	en
9d791aa4-99a3-4bbe-ae36-0d89e9917955_146171115	zh
9d7cb82d-dfa2-49f9-8bfa-1e03fe201495_382121895	es
9dd8f960-7e68-4b6d-80d0-ee9fea418bbf_391016027	en
9dee7168-ae2e-4158-ade1-ae744617b64b_175951012	zh
9df9f1ab-59ee-4099-bb39-d79437e9b335_56197618	ru
9df9f1ab-59ee-4099-bb39-d79437e9b335_617282362	zh
9e0cd85a-4fd1-457c-88f2-00f8000fa916_382333022	zh
9e1dc055-ebdf-40ca-9c37-c3f7c62ee6ed_312255606	es
9e2834de-ff5f-41cf-aa88-453aab360c9e_35973600	zh
9e306ccd-3a1d-4a2c-8fad-f889037574eb_154864501	es
9e34aeed-3e95-4a77-9c37-99351ede86d2_330179781	en
9e3b5551-eb4d-4c70-b097-0fc85f8800da_978971608	en
9e48a690-5c54-4636-8239-aaba3d21be66_548665209	zh
9e5d9ab5-9b1b-47f9-a31e-470b3891971f_273254722	zh
9e68b876-b0e6-46da-b191-8b32a010c4ea_855376456	zh
9e7fdf6e-f780-486c-8e69-b533663e9f67_119248367	zh
9e9199b3-3bfb-4fb1-9cd5-9a1c7207a0c6_1064853674	ru
9e99e224-5768-4761-9983-fca31246306d_453154421	ru
9ed23774-4985-420f-9bf8-68602374ed75_411665276	es
9f0dbada-0031-462d-b0d5-5a6fa5e56e9e_13449695	es
9f180087-b66a-413d-acf3-6f57b56148a3_144861852	zh
9f23831d-297f-44c6-ac10-d1f7bd3c037e_722189656	en
9f2dd554-e127-44bc-9471-c90b8020f56b_293329523	ru
9f3f0924-9517-46e3-aefa-453f3115c0c3_583946500	en
9f6c0d7a-7855-4e28-94ed-79f213b4975b_783423646	zh
9f93ad60-a3ab-4ca1-b91d-9961cc356cb7_315243264	en
9fa91cec-be6f-4e3f-87b9-d5efdefcd354_604475516	ru
9fb9b236-230b-4da6-a893-6cbc4c93a9a0_974954712	ru
9fd6a0a5-6f1d-4ed1-a8ef-c507ead5cb33_301846706	zh
9fe731a3-afd2-443f-b8bb-13d194365811_396248446	en
9ffa3c36-bf61-4421-9c8b-48cc17d6794d_5419485	es
a01e4866-d5bf-4248-846a-4a8444ddddc4_670705298	zh
a021c362-82ae-4c50-9694-26de3f1415f2_50789281	zh
a02dd57b-fbaa-4f1e-9f33-262a96104bef_766985740	en
a03152fd-b0dc-4c47-be96-1b96e1cd9fa5_989125129	ru
a05fb609-eced-4cce-ace0-bf78a50eef76_606769184	zh
a0646a10-e767-4af5-babe-3e66e01dcea4_381669229	en
a0798764-55fb-4131-bcdb-1b2399554fdb_108480948	es
a0798764-55fb-4131-bcdb-1b2399554fdb_126787706	es
a0798764-55fb-4131-bcdb-1b2399554fdb_501590649	es
a07ebfd2-0781-472a-af19-69bf35994511_477431008	en
a0851180-3485-48ef-a1a9-4c3488244ab4_758113674	zh
a0861e22-0201-4d9f-80b8-676163944e8f_660671589	zh
a086a3bf-426d-4b91-a9c6-beba9947c009_723055061	zh
a0b8340e-035e-4c9f-b69c-7d3265a95921_241476741	es
a0b8340e-035e-4c9f-b69c-7d3265a95921_702569043	es
a0dc3de5-3b02-415a-8955-5effc3404050_434481726	en
a0ed4bcf-d291-421b-8fd9-e970b34448c2_336072890	en
a10c141e-78be-465b-a203-fbc688e68efa_214172720	en
a110d2fd-168b-44ee-ab13-453db57c934f_385695181	en
a11b2046-4280-4159-8a34-5b333eb1f74f_782079084	zh
a1341307-d6cf-4ba5-8217-c9fc4e8c03e7_1024487943	en
a1341307-d6cf-4ba5-8217-c9fc4e8c03e7_471243517	es
a13cae30-5329-46ba-b40f-7271deca209a_481931671	es
a155615f-f4b5-4405-af14-4e216949576e_172336145	es
a1681f6c-6d54-49bb-80ca-a996298853e4_398170493	es
a17450bb-e641-4971-b3cc-ba3c73d54729_285454482	es
a17bc124-2db7-46cf-9d5b-64a5ce4a3a17_227656426	es
a1911387-7881-4f09-b77b-be304d57ef92_16685831	es
a1911387-7881-4f09-b77b-be304d57ef92_511771437	es
a1c9428b-e7b9-4468-81c6-22365d2fb8e9_388096418	zh
a1d3de77-bdea-4957-88aa-ace6e93e06e0_39616165	ru
a1d6ca92-1d4f-4c25-a86e-0503a700350d_74600637	ru
a1df9024-4627-43bf-97b0-7c9678d20d7b_137167438	en
a1f0f54e-7759-4f32-b525-f6d170109a5d_670986962	zh
a208f481-788c-48d7-ae78-4f94d8a9881c_608514049	en
a230d9fb-ed88-4ce4-8168-5eaffec635d2_243182320	ru
a230d9fb-ed88-4ce4-8168-5eaffec635d2_620482357	es
a2327aac-c5d7-414b-8c46-08f516d029f9_963200236	zh
a24f24d3-fae7-4f22-936f-050186631236_191097318	zh
a24f24d3-fae7-4f22-936f-050186631236_661490258	zh
a25c6f1a-8617-44d6-8f3f-9097c1f2196a_231966064	ru
a2618ee1-d0ef-45d4-84c5-d3d038a03f9e_105568079	ru
a2618ee1-d0ef-45d4-84c5-d3d038a03f9e_814405230	es
a2618ee1-d0ef-45d4-84c5-d3d038a03f9e_847180283	ru
a26f318f-6f65-460d-871b-99a6b6d78712_28820298	ru
a274a3a4-8803-4bd3-816e-80a3cff92b9c_1008661428	es
a2799c4c-da75-42c5-b3f3-d753507ad127_10635005	zh
a28b4ee3-aed4-4c42-bf1e-3308235dcad5_884130322	ru
a28c8934-e7e0-42ed-bc4a-2d9e59f523fe_1037979369	es
a2bcdf11-c9b8-4793-88ce-8c59ea492c3a_337543827	en
a2ca1f87-29fc-4754-a629-ed4aa846f99a_441707306	es
a2ca1f87-29fc-4754-a629-ed4aa846f99a_58600371	ru
a2d28871-5f3d-4c9b-8fdd-e66af98eea53_840612777	ru
a31d3cdd-ee78-4ef1-afcd-96d66acdab3a_549124682	en
a32dbd40-09aa-424f-be1c-a86b01868978_602536849	es
a3339956-927e-49b6-9407-ea11dc946671_395929016	zh
a345f55d-583c-4ff5-bd5c-6bc368c4a355_36978385	en
a383c700-1982-4321-9de6-d4135f71d50a_664955713	zh
a38a55db-5af9-45d2-bd93-9f174ee5dc44_1064877893	en
a38b90fc-a5c6-4545-b89d-fb004c86209a_952078683	en
a3a33652-98fc-433f-bbca-e90f92f8a3a3_778842634	ru
a3b247bd-72e0-4e81-93f8-329ac4c4913a_311404114	en
a3c09346-d0dd-479f-9de4-bf667dfd1ba8_781691968	en
a3df62b5-46be-4999-830e-f5816a3d5e2c_36135916	ru
a3df62b5-46be-4999-830e-f5816a3d5e2c_40194402	en
a3df62b5-46be-4999-830e-f5816a3d5e2c_657986883	zh
a3e87fa7-b0f6-429d-aab8-998b13443bd5_207914170	es
a42f89d7-ca25-4d81-bc22-2e03eafb43da_92893239	es
a4541930-bdd4-4c2c-aecc-f835cb26d5a7_229369433	zh
a459dbdd-a0b6-427a-83c2-e167962e91e3_934366751	en
a45f36f3-b668-47fd-9ba8-e451848649ec_158201901	en
a4621b09-b565-4530-8b60-5e93428a6522_1032762845	es
a472df11-3075-490c-8b98-eae7d447c336_96191085	en
a4751a1e-cfe4-44f5-af59-b2d9e82503e2_366861328	zh
a4ae4633-6a36-43e7-9388-901669260117_122630194	es
a4b651be-8310-413a-bcb5-87f35a5ff330_877388563	es
a4c0c7cb-6755-4804-a0f4-13392bd30c97_960490971	en
a4c1d8bd-796f-48fc-8b7e-9ba5639d79f9_926975273	ru
a50c64db-65e2-4124-a1cb-79b4a66f3c19_657071665	zh
a527bf0f-ef0e-4114-9d61-42640ba1f2e7_1066309608	zh
a54b6230-3bce-414a-885e-381ad847c54a_377017934	en
a54fd147-11e5-4b70-9ec1-b22f5c5e9f9d_1014417804	en
a5598577-4c5f-436e-883f-a8c9f76c66ec_61773405	es
a55fb60b-8594-475b-8e51-516a75e67d71_419222030	zh
a55fb60b-8594-475b-8e51-516a75e67d71_551961869	en
a55fb60b-8594-475b-8e51-516a75e67d71_561114828	zh
a571d8f8-819b-4d5b-8ee0-1feacaa7b19f_345904177	ru
a57e582a-7ccb-4b99-8b52-28541cee9200_520204054	zh
a59159ea-2892-4234-9a38-232397b2c3a6_442708955	en
a5d51223-74db-473a-a606-3a53dd901e0d_629314919	ru
a5d99f5d-5340-4171-8450-24720fdfb69e_965507231	en
a5ddeca3-9f58-43dc-8605-c9147e6d4bf8_953065647	zh
a5e366a0-18fb-4b76-990d-28eb561fca10_510688399	en
a60ae257-be5e-469d-b048-3fae6179272f_733410597	es
a61fe8f3-8502-48cb-b873-f05c39c66f0b_924918613	zh
a6238a22-764c-411b-9e5a-646184907736_1005065259	ru
a6243ed6-1d25-43a3-85c6-0ee8caf75798_858302498	zh
a63c51b2-4d6b-4b9a-a7c8-bbd2d875f121_8457706	zh
a67ccac0-d1d0-4434-b288-106dbd0512c6_591390951	en
a6c0308a-2232-4dc3-ba22-ca1980a0fae4_702582225	ru
a6dad1b6-224a-4e9d-87db-c8ad6938f54c_705281834	zh
a6e139e5-2201-4127-b6c0-b6b459a4db5e_630415027	ru
a6f9722d-c8d3-4890-bed5-4d14909c5266_428836316	en
a7201d04-49e1-4445-8968-39b803cd4996_232305849	en
a735761c-a295-41a7-845c-1f8975b27b52_791017254	es
a74bc9ad-9bc0-4177-b8e8-82bed42b64af_836619450	ru
a750f8c3-a946-435b-b35c-4435d9fd2746_587182374	zh
a7734266-0675-43aa-9abf-4b1f5777a6e7_377049054	es
a793a16e-3781-434b-ad64-5817df215b72_120516452	en
a7ad2515-bf79-40a3-bb34-3b3ef0763ca2_258090670	en
a7ca374e-d473-4287-ba8f-1d77fc4d3710_412224842	ru
a7d0aea3-3a9f-4644-84d5-9bae338d5f8a_709797929	es
a7d0aea3-3a9f-4644-84d5-9bae338d5f8a_916195153	en
a7dc4227-fc1d-44bd-b220-a5af9ca9eac1_318414990	zh
a7dc459a-da9c-411d-8e08-0aabe3448298_118516427	es
a7e604e9-ad9e-44a1-b1f7-8b39b20551d2_360439606	en
a7ef0a83-2901-4334-bd8f-6f3228b1d2c6_561951	en
a7fb33a0-4cc0-45ce-82db-18c7862fa63a_541556730	en
a7fb33a0-4cc0-45ce-82db-18c7862fa63a_583130743	zh
a7fdf137-a25d-436f-8dac-1e12bbf19cfe_507693414	zh
a81f5f46-5b28-42a0-8ed6-74e2e9b224b8_779146421	es
a8279840-7b00-4251-8787-add55d87ae67_577294570	zh
a82e6f2f-6212-4618-8aad-5cfc562af564_302804387	es
a84c2df3-abc5-42e2-888f-a3be0506538d_847220041	zh
a84ed968-5cc6-4480-be7e-183f2220842a_174823864	ru
a8564548-b35b-4d34-89b0-41785eabe419_22363865	es
a856a4ff-d7a0-4151-b1d7-5dbb65df3d97_6201919	ru
a85b3930-387e-428f-85c8-1bd291c2bf06_146121439	en
a8707ef6-8922-43c1-bb7c-5b4f278dd117_541784994	en
a874023e-781f-4440-9c1e-f8647ce2dc46_796851946	zh
a87566dc-402a-4142-beda-4bb2d2e56240_572439375	en
a877b5b7-5d8e-480e-bc14-b8a21ae51488_343564387	en
a87e9536-8d2e-49a3-9025-55a0336ea245_737663779	zh
a87f5583-dd36-40e8-aca5-8b9692bac388_98400496	ru
a89f31e1-e032-4406-aa65-ec89a613cb96_722777512	en
a8b9aa53-6221-4e98-a04f-9c386dae114d_895636066	en
a8bda5bd-66f3-4b54-b2a1-08fd3feda110_461169288	en
a8ce5eea-102c-41df-8836-eb2b473fa2a3_31220389	en
a8d17c9c-d219-4c0f-b2b9-f79c754a6d8c_796930927	ru
a8e2cf24-e701-40c0-8dbc-ca014f3c398f_762326902	zh
a8f2946f-727f-4a7c-952d-22a94801e636_120589768	es
a8f55bfe-b011-4bdd-a48b-4374e4a4e783_335807818	zh
a902c4c1-53fb-46af-bf9f-e54d3367eaf5_399413462	en
a90ed8d7-e3b7-40ef-86e0-824a5edfe442_257787051	zh
a92b84e2-4d91-48f3-8ade-3bce5c8a51ce_139730530	zh
a93963cc-62df-40c9-b27a-54bd010a2e87_814815562	en
a99715f4-53d7-4462-b430-c27dd1d7f059_231158308	ru
a9b73cd9-dc65-4278-8fe6-87bfc93cb6e8_289586992	en
a9dacba6-3047-4824-a67d-4c97738052b3_63873721	zh
a9ef0bd0-12b3-4f47-b092-fdd55fe6a9fb_208352115	en
a9f634b0-048e-43c0-86b2-621504a62ac9_801956825	zh
a9ff63c6-08c4-4648-8aa3-60eb3f0177fb_800190242	zh
aa17547c-1b7c-4d69-8078-1e8ae5a4b8be_232502803	zh
aa1b6be9-e437-4a02-91f6-68cae3d1095f_752066416	zh
aa376a86-dfdc-4bc5-aea6-e82cbd01ce23_654701979	en
aa3f7101-d777-437f-8056-35a800c3684c_372803316	zh
aa3f7101-d777-437f-8056-35a800c3684c_384448409	zh
aa3f7101-d777-437f-8056-35a800c3684c_911032215	en
aa4ab426-f2f0-4bc0-8e9f-33137602254e_420459793	es
aa5a94ea-c1aa-424b-9e6a-0fe9f278b6ff_181112736	en
aa5eed7f-bd40-4a03-bde6-f3745871afee_331086157	ru
aa5fc91d-0720-49a5-8e57-91dca955eda9_158507142	zh
aa83e128-ac66-4116-9dfb-996ee18c4aca_516172666	en
aa9dda54-a9ca-48b5-975a-d60e4b8177bb_84647296	es
aaa78c5d-9c60-456c-8b42-b8c0f7a65700_248433355	en
aaa99bb1-8629-470d-b649-06910414e550_118511467	en
aaac306e-9089-47b3-99c3-3ed7ec59bcd5_143162192	ru
aac0bec2-28b7-4058-8bef-6fe4f4c1dfa6_111413747	ru
aac2f589-40d7-4f17-a3e3-02dda1e529d4_235266149	es
aac2f589-40d7-4f17-a3e3-02dda1e529d4_525233917	ru
aace542d-2ef4-425f-9281-996ef6de0eb8_922100613	en
aae75d55-e673-470a-a5c1-82903ada6188_813461344	zh
ab32cc91-2f6d-462c-acbd-c58671d73988_444442906	en
ab5a66a5-7294-4055-a142-59270c5edf29_515473937	es
ab699ba2-ae28-4b5d-8ed5-f8734322b34e_268907	es
ab773f19-0aeb-4cb1-a009-c111805f9a48_886731459	en
ab85a36d-d5a0-4bf0-8e89-6d3efe37d75b_257086760	en
ab8ab8b2-d4c9-4d69-a9d3-31bdc005ea40_363937513	es
ab8df9e5-b36b-4dd7-8673-9fa067add4c1_124249548	es
abaa0015-a46d-424f-9c06-e6df34a0b588_399485404	zh
abaa0015-a46d-424f-9c06-e6df34a0b588_561638854	en
abd47a15-2f36-4257-9476-3653c104bd7c_180517874	es
abd47a15-2f36-4257-9476-3653c104bd7c_211272521	es
abd55787-a74e-48b1-a474-eaec16629ed3_207272847	en
abf2d2dd-1c94-4737-b3d6-6b3d105c75fc_1067842467	es
ac0c47d3-a09a-4b8d-bf2f-5bcd61ea9896_651301299	en
ac2344c3-bbc9-4424-87e1-5a078732d2eb_986293360	en
ac3a1030-35ca-4592-9ac0-7de59165a212_375262631	es
ac3aa250-19bd-4cff-8b61-050c44a31d31_673017337	es
ac3e7ca3-7327-40ae-a25d-da934c7ba241_686662536	ru
ac43fc16-ec61-4720-8c81-3dbe341e2aae_548596960	en
ac7c3fd6-84f1-4d88-939a-c8b9ebbaa33b_212742212	es
acac9a9b-d30b-43a8-bb7a-c8fdd5808efe_596996668	es
acc48003-021e-4469-aad8-70bc53710fcf_654614496	en
accc8f73-5428-4f0e-a86d-27bf7abd2563_1017490248	es
acd3dd87-fba1-4a58-94f4-e7593d3a97ce_678870041	en
acda1216-5de9-4936-b462-6aeb212dc2b8_535928719	en
ace21528-bed0-4458-93de-fe7b05d9e2fa_219676124	es
ad2986b6-7563-4f28-8a26-aa55569c414f_133032390	en
ad51acc7-b905-4975-895c-17d7c82c76d1_1000613627	en
ad51acc7-b905-4975-895c-17d7c82c76d1_946709316	en
ad61d477-5edf-447a-ad24-3e7b54735926_610802938	en
ad98aaf9-3fc3-4a83-b2c9-6e57663e7dea_256258946	es
adbc92de-9426-456c-832d-e600f2b6c4c7_746012195	zh
addcfe8a-cd77-4d99-8f6d-8244b79904d1_468669460	ru
addcfe8a-cd77-4d99-8f6d-8244b79904d1_581907147	es
adfb6c33-c297-441d-b8a7-2d2f64885bf6_597589106	zh
ae11404b-e42c-4f9c-b892-1d6099d0eed0_676720069	en
ae187423-0775-48fc-b6cb-4235982ddc30_186508358	en
ae1c6247-fbff-4c88-b2e1-48c0f696f920_901006693	ru
ae1cc1ae-d370-4321-9395-2ebe3221c8c5_68029755	zh
ae2ee7e7-87bd-45aa-9f99-e39c295bd660_73509562	es
ae52b295-7925-41e2-a407-9707ebc14740_187802526	zh
ae56b84e-e674-4705-8781-86ab80c97b6e_38052200	en
ae76fad4-d629-4b62-bfed-dcf0d37950a2_213864518	es
ae9dd478-39b0-424d-a5b1-428b9646fcb1_338148786	es
aea8f253-114b-4925-a4f6-2006010adbd1_231710175	en
aea8f253-114b-4925-a4f6-2006010adbd1_577749659	ru
aeaeae79-6b7b-4fa9-a2c4-4fb13e0350d9_4077049	en
aee07afd-a61a-47e9-8999-7395ea9f47f9_743896018	zh
af06241e-8086-4886-9cd2-4f25c67a7b66_672726072	en
af105b97-13c8-46b5-93a5-d3c0b68ecf12_823078469	zh
af10b10b-1136-4747-b2d6-5060df148a91_807841769	ru
af2c16ff-290e-42db-a009-461a37c1df08_991820581	zh
af2e30be-f622-43da-b056-84761f381d98_452524696	zh
af2e30be-f622-43da-b056-84761f381d98_923448579	es
af52182d-3907-4a51-91e4-16c06123c529_884289272	es
af52a571-ef80-4451-b0b5-c27a3291b19d_247579025	es
af677c89-5334-4f5f-9362-608575185021_283215257	en
af677c89-5334-4f5f-9362-608575185021_778516240	es
af9ac9a2-6de8-4c50-8380-cdfe8381ce2a_529733314	es
afb1835c-cb6c-45ec-8613-d9de64b367bb_20766903	ru
afbfec0b-d7c7-4976-956d-3d122424d0be_906133114	zh
afc9c873-ee92-413c-a2ae-3ca841ed7538_1022908802	zh
afc9c873-ee92-413c-a2ae-3ca841ed7538_305960215	ru
afce3492-bd27-448b-9923-0d6b0a471b19_161752246	zh
afd10860-923a-4ba8-9f8d-c04cea5a8f7b_1023555667	es
afd10860-923a-4ba8-9f8d-c04cea5a8f7b_198407165	ru
afe06dd7-b725-4fe7-aa90-8839692d60d9_411391171	es
affd66cc-0daf-4ce2-aa69-99e57d03ef2b_333280100	zh
b006670d-f9e9-477b-93d1-f4095b91a64a_893778399	en
b01a4d97-30fa-475b-b02a-1a0151b69784_776957705	zh
b0205584-e54d-44f1-8bc6-053fc8e01c98_108505640	zh
b02292e2-0519-4061-aa3a-d55305baee94_715949769	en
b0280627-8c9a-419f-a8bf-bf632cb2529d_659881177	en
b05a755c-a46f-4bfb-a7c7-fbd0a4ad761f_868122477	es
b0863077-65b7-4a61-b56c-89e452b58bd2_40095445	zh
b08bf201-f400-4f8f-911d-318b926fcd9d_324204176	en
b097f146-3e6f-43fa-bd37-98fba26a4e32_926481412	es
b09c8b1a-a3eb-4235-9045-6f039b3ea9a3_48003320	zh
b0a452c3-2e31-4644-91c1-7d60cb70b9f6_539853494	es
b0a452c3-2e31-4644-91c1-7d60cb70b9f6_778641841	en
b0b4183a-5055-40a9-bd94-eb1361615635_6608122	es
b0e0288c-386f-4788-8c3b-671556bc4e30_484718080	ru
b0e277e9-4d93-415e-8407-1cc314aa4d18_535955012	es
b104d1f9-b800-4235-97a4-feccf8b45866_227070156	zh
b1199a34-82aa-4177-9941-82319008a8b8_21084373	es
b1238ffd-d137-4b78-9528-3f8db718b532_694278875	es
b13050f2-e0c5-41a3-abca-73d4d38494c7_397063294	zh
b1353bea-a485-4490-97b8-edc81cc2f8dd_931178093	en
b1372215-bad2-406b-aa16-962ac8870891_181772273	ru
b141b343-0150-4c60-bd1f-0fa010ab07e9_325564623	ru
b14d1a05-5090-4c22-86a3-45a170e2873f_725837721	zh
b15bd266-cc49-4a02-b324-fb1129d8211a_26168847	es
b171fdfe-4132-47e1-ab29-a21547ea0de7_528085922	en
b191b38e-cbee-4f8c-a2aa-11807a0c7250_657198649	zh
b1a214c6-08fc-41b3-aab7-7dfa57db63ec_723852467	ru
b1d18168-9058-4f42-9e9d-3beb41009680_131497160	es
b1d18168-9058-4f42-9e9d-3beb41009680_960174169	zh
b20cbde2-8217-4b54-ab92-68f0731eba6e_473106003	ru
b226c846-beff-4dbd-a327-ec85fb04563d_701962762	en
b2358f49-b2b6-4f53-8eaa-b4945451baed_158685532	en
b2478ae5-94af-46b2-9171-de27961fda84_27554846	en
b255acd4-1f04-40bf-8855-60e200454255_19003921	zh
b255acd4-1f04-40bf-8855-60e200454255_233177759	en
b26b92e0-8ed5-4bfb-a56c-ca6e94c42061_1038802605	zh
b2844343-ce86-49c3-9e6d-d484a1b42f7c_1060169694	en
b285e63c-f92b-41a2-8da0-d4337a2e8c69_768122165	zh
b29dac71-beea-42f2-b231-0289a50fe2f6_544063304	en
b2ab834c-a8c3-4970-8c25-a85bdb3dc55a_430144402	es
b2ce4da2-2006-484c-8db7-1577308f3a6f_985115713	zh
b2dcfd3e-fd69-43ae-8ff2-3d30994a5e37_487368624	es
b2ebc144-167a-4dca-8a9d-c0e317fcf686_1064030954	zh
b3074de2-b408-4c45-87fb-a65e4ec7a215_177792661	es
b30dc26c-1e34-4d82-9735-759656f0f9ca_168275921	en
b3433666-11cb-4546-8564-e7c50ba93c2f_672465743	en
b3454239-4b58-4ded-986f-988836c415a3_437030559	zh
b36e7676-d687-4e7b-82f8-c4657494348f_402387574	zh
b37330f3-05aa-4d46-afe8-b80226a99311_1062700449	ru
b38be665-2ba9-4b31-824a-f43f59a8cb01_985441050	en
b38e75ac-3864-4d21-8dfd-bcf3af8241af_1046308407	ru
b38f7e84-4a58-4949-9f58-e8488e7d1ca2_774635426	en
b3af4d2f-7831-4ee1-8b3e-3af354abba15_311673774	en
b3bd4ee8-ae18-493f-8b92-1f5fb04ff729_49156110	en
b3c17312-1d66-4ae4-91a4-74cd72efe303_220466815	zh
b3c5d47d-f908-4792-b88c-2f3737c0bf52_601459187	en
b3d4254c-ec8b-447c-8179-848e4c330d05_425668445	en
b3f8d83b-17d6-46bd-a7a1-3edf2413bd77_827068589	es
b4382681-f199-43dc-a190-ef39b5bf9a5d_341171782	en
b439de66-e981-4468-b4ed-c28c4eb2fe33_203368391	zh
b44c3c8f-a9b0-4e56-bf0a-39069ea4618e_865526145	en
b465f03a-f20e-4bce-a58a-644dbcff0267_473484145	en
b465f03a-f20e-4bce-a58a-644dbcff0267_713099467	zh
b467fd0e-f1ff-44be-b72a-8f79e630f8e6_95822419	en
b47c9c06-bcaf-44e4-84cd-2f5606454132_651565660	ru
b488fa0b-954b-4788-8f64-933d5c8656ec_307715679	ru
b488fa0b-954b-4788-8f64-933d5c8656ec_897746016	zh
b48bb06e-ef0c-453e-843c-9e2b6a3cc827_219412406	es
b48d0ff8-9e68-4c97-935d-4a9773de0d8b_776784194	en
b4b1ee40-b6a9-40a0-b350-866e6e0cc7f0_313618971	en
b4bbaecf-fdee-47ff-a0c7-689b9b4d8492_93167926	ru
b4eb2598-df13-4a4f-b33f-bba4df7c028b_753828143	en
b4eb9134-6b23-482c-aa67-fa4b62331850_336288934	ru
b4fe8b2f-954c-473d-9188-3fb2ffbd1891_44498799	ru
b500d6cf-f9c8-4e81-a5dd-355d2163af84_406791699	zh
b510de1e-b1eb-43d4-8e59-ccd053c786a1_174636216	en
b510de1e-b1eb-43d4-8e59-ccd053c786a1_823516828	es
b51c5629-4cd6-4e05-8289-2040fe52dddd_553102580	zh
b568f1eb-ec44-4dfa-99a2-f94bb7dbe61c_38854901	en
b5700bb9-c6f4-4283-be95-3d8629cb6166_500360881	en
b5717ee4-9661-4002-adbd-2317841c6dc9_318107942	en
b57aad20-3e95-4e73-8486-0cfaf88e0d0e_154880850	en
b5836c9f-c184-4009-8921-79046bf39e03_161810674	es
b5a103ab-aacd-49a8-9e6c-c1c78367d596_561027896	es
b5a29cf6-9bdc-45fc-89be-d5eff38511cd_960057127	en
b5a367b6-7253-4763-b1c0-ef12ffda6320_152085575	zh
b5a460bc-c35d-4542-90fb-fdaaf68769a2_651896511	en
b5aa1bfd-4f0d-4f9b-b88a-9bcb84d1a77d_661937407	es
b5aa1bfd-4f0d-4f9b-b88a-9bcb84d1a77d_871322163	en
b5b6607c-9ff5-4f34-b3b5-2fbae511ae47_168180321	es
b5b6607c-9ff5-4f34-b3b5-2fbae511ae47_204929249	es
b5b7b2b0-700b-4018-beea-85ec8ea3360f_177862285	zh
b5b9dbab-34cb-48ca-9fd4-a1a8d331ca34_773576823	en
b5c01d2f-17b5-4fc9-89c5-a9265dbc0c48_1022201832	es
b5d8211f-a7cd-4026-8776-fac7d9234b22_577764869	zh
b5deff92-79ef-4228-bd4b-4f3b4f16fac9_949175515	zh
b5faf33f-d3d4-4a66-95a7-0126445042f9_436036148	es
b622719e-5e3e-44fc-b4b3-bb7a152007db_338395238	es
b6380b96-347b-44c2-ad5e-ba5dc07784fb_832283314	es
b659ff8c-dc0a-47a5-aca4-395509edbb7d_1059514978	zh
b66add45-e614-464c-a7a7-85f6ed54ac76_507614068	en
b66add45-e614-464c-a7a7-85f6ed54ac76_772813779	ru
b67cd69f-4c83-4193-99ab-2cc0767b6bfd_467368858	en
b682adcc-fe80-49cc-96a0-c5cabd08bcce_485985699	es
b682e74b-fbf5-4233-af84-e60d48197bb5_863291793	en
b6b0ae1c-26ef-41ec-ab46-185ee2984a0b_1018518561	ru
b6e6fc74-baa2-4374-993b-9d4c42188ade_659603694	zh
b6eb062e-62fa-4d57-9da9-b02f0d5228e3_719284921	es
b6f4938d-ab95-43c8-a62a-332309d2030c_860591584	es
b6fb4342-3bba-47b7-852a-325e7aa4f3f6_814872074	zh
b7585510-9fb6-4840-84af-abd037a79c26_326224779	zh
b7839e8a-09da-448a-88b5-b81c0cc2a8b9_659197172	zh
b7ae9472-92f8-4266-993d-2fb44f5e30ee_140292017	zh
b7b306fd-565e-4efd-86a4-44a05bf1c19c_506203822	es
b7e27dde-b3e5-4b48-acc5-d2a74bfef242_689085451	en
b7e95caa-0315-48e0-984d-2417e61729d1_453716207	en
b803175b-21ee-4d78-96f0-de380840c946_139041532	es
b813f9ec-c58a-4ad8-b137-c293f6806609_833603948	zh
b8249387-04c8-4c60-9e89-5b789038df3b_997841792	zh
b8324b97-b1ba-496e-b415-7f440860c2f3_232135300	zh
b83a4712-8f33-4686-bba4-875a2034a7ba_464876517	es
b83e84a0-9d1e-4dbf-8b2b-67f6d59161e7_80928127	en
b84b4a09-ac8e-4381-a33b-754958c74ed1_109443839	zh
b868ec3c-44b4-4da7-9889-52b078122f70_257392346	es
b8696630-54a0-4e8b-8fba-6ed2af478653_212893651	zh
b869e652-97e9-48a2-a771-86d5d6e1d087_612326396	zh
b88b248e-0003-4a71-9070-7dd751eccdde_473119217	es
b8ab52a6-81aa-4e85-946c-899c34461594_476203529	en
b8b860cf-fd06-4fc3-8248-9b059b8e0201_676063158	zh
b8c268e1-587b-4ecb-8aae-485352ab24ee_160406580	es
b8d62708-f61c-4b7a-bb49-6c02a9201e73_258094859	en
b8f7bb4e-8a63-4186-adaa-1b4a4832e357_296861182	es
b8fac304-da82-425f-95b2-27371ba1253c_1000287636	es
b90bcf03-105a-4fe4-a862-b93c11641f78_814188071	en
b9134999-73f3-49f3-a6f2-17d4a6006ca1_139806022	zh
b920b131-e0b5-4c4c-976f-00ac0046388d_866611029	zh
b9383ad4-a36c-439c-bdb2-5248a151f306_351336917	es
b9395dc8-cf74-4747-aa0e-11f65eaeca3c_385897923	zh
b95c72fa-26e3-4421-a3c5-59f8156703b3_372214879	zh
b962c83a-3dfd-411e-a14b-0dd9bd8ffff7_703921910	en
b962c83a-3dfd-411e-a14b-0dd9bd8ffff7_767227154	zh
b963e52e-7d19-4f9b-a1a4-948bcc34761d_946787418	zh
b96b5c0b-a0c9-4ba5-b429-e3fba468fe5f_201284909	ru
b96ceed1-925d-43b9-9e85-d4d4ec75fd46_19536959	en
b96ceed1-925d-43b9-9e85-d4d4ec75fd46_200234307	zh
b96ceed1-925d-43b9-9e85-d4d4ec75fd46_465055228	ru
b97c8060-2af7-4d35-b042-b19587005fd0_49440673	en
b9a60ce2-8cd2-42f0-9be5-d12c77da0d57_1071011129	ru
b9b9537e-9eb6-4a0c-bf43-53b269e9ce56_165357308	en
b9c518dd-990c-4c58-be79-2c42cfc37da2_142781026	en
ba0ecb5b-879b-4197-9431-d178bf4d5191_626275961	zh
ba10aeea-9313-4ff3-956e-f64281745778_815866405	es
ba10dbc4-c003-442e-8eb9-2da05834e80f_334483724	en
ba1318ab-29de-4f3a-b5aa-8f5badebfde3_872745478	es
ba2a384a-5150-4710-8a52-3ff4142fad22_754688268	zh
ba316bef-3622-400f-9168-cbc5854dbf20_208231281	en
ba355ebc-f612-4440-870f-9bfd94334f6d_806913902	es
ba44dbce-de2b-45e3-a055-85875a5abd8d_252877902	zh
ba530f0a-4070-4e04-bffc-24fe35a00ed2_369355957	zh
ba540d2c-9eca-4b08-b66c-d7f37e32df02_479867938	zh
ba6e15d7-c9b3-473a-8079-ca763d9ac08e_486517831	en
ba6e15d7-c9b3-473a-8079-ca763d9ac08e_967420835	zh
ba7048dd-1cd7-4e62-9d1a-2026b2ea329f_154384420	en
ba7048dd-1cd7-4e62-9d1a-2026b2ea329f_443708794	en
ba97c9e0-faa4-4180-9498-fbf585456fb6_409627539	en
ba986977-e019-445e-a916-f3a382f0693b_143966521	en
ba986977-e019-445e-a916-f3a382f0693b_303883795	ru
bab6d2fb-fb33-48a5-89fa-45629eb1907e_220811051	zh
bac0ce71-f8b3-4924-9da9-02c3b1fd1502_299819974	zh
bac7dd49-7915-4028-8d61-f845cc5485b9_845496376	en
bacad29c-a936-42a1-821e-53b798319bfa_13936259	en
bade394b-5281-4f05-84f7-013943a7a139_46308780	es
baf81ba7-6e52-4496-9680-3d26d5d5e792_359305546	es
bb053c52-35ea-4c63-b4d1-5d69c56bf719_423448123	en
bb053c52-35ea-4c63-b4d1-5d69c56bf719_447523780	zh
bb3628b8-983c-49c2-9d27-fbef9a844225_1026221362	zh
bb36b6c5-4ac2-47a0-ac52-27467078081a_248743975	en
bb40b140-40ef-4c44-81a2-9db811ac7629_723805625	ru
bb4631d0-ffdc-4ea2-84eb-9b3549c1dd53_14229843	zh
bb47e67d-2131-410e-ad28-180d0ec4acda_577131884	en
bb50071c-1e31-4ab1-9f33-66911cdc5420_773813531	en
bb5fc307-67ef-447c-b241-b6ee6ead17f8_265543671	ru
bb5fc307-67ef-447c-b241-b6ee6ead17f8_305528904	zh
bb760ff1-a1eb-4f58-86aa-6f049440581d_168128413	zh
bb760ff1-a1eb-4f58-86aa-6f049440581d_887862765	zh
bb806ea1-6b46-4ec6-b3d8-4c20c128c102_789273499	en
bbab167d-1ace-4a1c-a054-746b8da2e2ad_1028340098	zh
bbb4d85b-2d06-41c9-adda-0fc313459f85_1031813141	es
bbd81318-879f-46ba-8b32-95755ac72eae_938608943	en
bbdcb191-9a9b-408a-a257-5107a7c0a48a_318768344	en
bbdcb191-9a9b-408a-a257-5107a7c0a48a_753737449	en
bbf0f8fa-61fa-49d2-ba11-09e224d29424_366232409	en
bbf0f8fa-61fa-49d2-ba11-09e224d29424_497648579	en
bc022113-04c8-4952-83c0-e1f04939a604_611083546	ru
bc254bdd-5427-4308-b155-a24d3088d4b6_121620487	ru
bc4280e5-5c30-40dd-9141-67ba13a90274_221833398	es
bc430a3f-71eb-4b5f-b506-d1817c529894_151396051	en
bc4cd2df-ef31-4fea-8b3b-af2d1db1aaae_141426196	en
bc5d1f3b-35ff-43c3-a87a-8638964b097f_734081875	en
bc636d9b-60fe-45fd-b1a0-f87e0c139760_268971578	es
bc65b983-9032-40c1-9716-de6fe2d62dc8_143040208	zh
bc65b983-9032-40c1-9716-de6fe2d62dc8_478327920	es
bc74659d-39c9-4014-9ffe-df639a8c185e_35255730	es
bc77e817-36eb-4504-8076-3fc4a1aa1c42_415417328	en
bc7f3987-a3ed-40f2-908a-7ccad54827aa_985671770	en
bc830a9a-023a-4d11-a7dc-7985d57cb5a5_884500333	zh
bc8e1f67-f895-4d8a-9e84-9a8f65c104f8_167896429	zh
bc9dde52-baf3-420a-ad77-8daa5f085622_685821029	en
bc9dde52-baf3-420a-ad77-8daa5f085622_930403883	en
bcaf2a13-a87c-4b2b-ad99-283ee4ed5a4b_507474168	en
bcaf2a13-a87c-4b2b-ad99-283ee4ed5a4b_600749290	ru
bcb41651-cd8e-411c-9a3d-5f0eacddbc7b_142399800	es
bcb51f60-616d-4a2c-8171-a2d016190073_675393941	zh
bcbedb84-fb37-4faa-9485-ecd5b60a35e1_35582039	en
bcbedb84-fb37-4faa-9485-ecd5b60a35e1_786741010	en
bcd25c34-e391-49d1-8f17-697989065bb0_893593414	ru
bcfa54dc-dce2-49ed-95a6-16dc38899ee3_915112768	zh
bd04f8f9-c45f-4c6c-89ca-77f63c63a27f_1001081156	ru
bd04f8f9-c45f-4c6c-89ca-77f63c63a27f_504549135	es
bd18bfb8-3df1-40fe-80d2-e6f7164cb150_587592202	en
bd268fe0-e094-4d7f-8527-2af771b3c7af_65474403	es
bd27d870-c404-4a22-b372-9176dd018fe7_528056279	ru
bd2eb1a0-eefc-494b-8d3e-848e27335924_143859583	es
bd48f85a-7df8-40f3-9713-2653dcd832e2_898541875	es
bd5ceb99-e585-4095-967e-47972f02e932_8396659	zh
bd68b016-c097-4e82-8666-6b0d76f4f8b8_858652816	zh
bd95a7b8-eb2e-4a79-9fae-2c27051103e7_953915247	en
bd9946a3-0f74-41a6-9d7f-5a7487ea29a3_288132851	zh
bd9a6f04-20aa-403e-8bee-7b85cdc925aa_443482071	zh
bd9a6f04-20aa-403e-8bee-7b85cdc925aa_518665385	es
bda30780-dd40-4eb5-8c3a-7ae28d251cae_404387958	ru
bda30780-dd40-4eb5-8c3a-7ae28d251cae_811798885	es
bdaa7cfc-4862-47b5-b62a-3aa099074ef5_890726243	zh
bdacbbba-9eef-4755-b114-accf5423d42a_193414152	zh
bdc62bf4-e472-4b15-bbeb-7dd3c32fe6c5_286178567	en
bdd053b6-3901-4a83-b70f-ab85cb880e94_330325852	en
bdddcb95-f6a7-4001-b07d-c74d32a56f6e_595165771	zh
bde47e14-f84a-4e9c-b234-3eb73fc78724_449522663	en
bde7ecd6-2d9c-457a-a64d-f036867ff165_803769095	en
be3e06a5-ef04-4205-9a03-3294e6081db7_672878375	es
be420094-c530-49bb-b075-cf3dfac249ba_795866683	en
be43461e-e048-45ed-91b0-742bc9fa92df_593687667	ru
be52193f-e39b-4c9b-b06f-a9b9686d83d6_250464357	zh
be57b3c4-4225-4932-a71d-5404104655e3_544268192	zh
be646645-02e5-4b3c-9b99-09929fec3015_251169278	es
be68a109-54a1-491a-b1fa-4da89f8ef490_22434296	en
be84c23c-2692-4b06-b43e-9fe06b594494_228571761	ru
bea1a8c4-7511-490f-bb06-1e2ad99634c7_193326890	zh
beacf371-0373-4fa5-9630-14e6506be559_131239068	zh
bed198e7-6fe5-475e-8e5a-3e587d8f1e0d_317901422	es
beee15e3-c565-4dfc-8027-a2fd63c44385_107085238	ru
bf008ce8-700e-4b3b-88ed-bac465f6aa3b_470252482	en
bf01499b-d104-4ae4-a56d-43eec55f6b56_331008075	es
bf1409c6-42d4-4102-98e4-41e2c499aa61_122157050	es
bf1409c6-42d4-4102-98e4-41e2c499aa61_367136646	zh
bf39867b-fe6c-4447-89a3-6a3bfbff70f4_788601236	ru
bf7a91dc-1d6c-4ddb-aa09-7f8a862e502a_19368138	zh
bf8922ab-4086-4909-acab-456476c9ff3a_1007616307	zh
bfd1faa5-f519-484f-bfbb-6b80c2a1d720_1013494871	zh
bfe1ae52-7587-4bc4-a85c-692dbebacda0_224459219	es
bfe68d46-afa6-4203-ba8e-4a9d61c3b508_1007716095	ru
bfe68d46-afa6-4203-ba8e-4a9d61c3b508_90982632	es
c000af86-ef66-40e8-8435-ffb8f5ad1d1e_512040303	en
c025ae8d-a4d5-4752-9699-806c2bb279b6_871520968	es
c0582991-7473-4713-b784-27017d6115ec_16197699	en
c07e9d56-4520-4976-bdd0-5608f55d9bb1_639253715	zh
c093f046-fe7d-4243-aaee-5a38cbe2c6d6_685457125	ru
c09c243b-7c3c-45ac-9293-625d4352a868_100912352	ru
c0a6998e-f6dc-4da7-9421-f8e7e575bd75_888534765	en
c10f5f18-9c7f-46e0-9c66-37fe0ef902f6_546218434	en
c11e0521-fbbe-4c0a-a038-7c12da276dbc_133200035	ru
c1307905-7195-466f-94f9-9ea7442d2c35_64876068	en
c13b64f8-d938-4995-bc71-534856305ff1_544482231	ru
c1553c20-3189-4736-ae16-055d3a9b3c1a_502018948	zh
c1553c20-3189-4736-ae16-055d3a9b3c1a_815201242	es
c182c505-0548-4872-aff7-786584bdc378_325506287	ru
c199b540-ffd9-4ce5-8fae-1aba1a8903ba_853056093	zh
c1a2d087-ee2f-43b1-8a26-ba2033e458d4_379178379	es
c1a41f01-c89e-43e9-b244-d856a3013908_123878590	en
c1bb3e07-3d98-47d4-9091-b4676a798da8_995855576	en
c1bfb7be-c702-4738-951b-ecb4e4f56134_376460503	zh
c1c5c95b-96f5-40e8-b162-fa99a1bc6e51_680023870	en
c1e6db3c-0326-4e04-a106-0a4c7aad96bb_498513393	en
c1e97af5-58b7-4d11-a6cc-5928f3b56b9c_360055413	es
c2160c35-0e2e-424f-bddb-132d6713c4f7_120927479	es
c218f9bf-592d-4e3b-b136-2cf07978bf07_172670356	en
c2313350-aee4-4750-a53a-a4f5c9e87549_276950047	zh
c239268c-70e1-4610-8815-0c13302653db_800902817	ru
c27434c9-1794-41aa-af59-39f77a7fb6e0_52115997	en
c27da355-e47e-4f71-987c-71ecc92ef299_1034698451	ru
c28559db-d44f-485b-8966-3fbbab9870e7_16363734	en
c2d6bc83-9895-4411-a030-9ccb2ae722aa_657130004	en
c2e190e8-7046-4748-a69d-c24b1bf6b96a_343918071	en
c2ec46f2-40b9-4f78-969a-7e9598515203_145968632	en
c2f56f9b-c00c-42e8-b2eb-41558781d2a9_631478180	en
c3288c91-d39a-4b1b-b0e7-d8c7cdd380c8_383483009	zh
c32c6670-9c5d-4403-9ec4-b6e43e87fb05_277251374	ru
c355ebff-f5b8-4f04-adb2-ac10b61d9c55_1042042547	ru
c363a424-fc76-4356-b0a1-cb8150ba7cf3_791312631	zh
c39c6e58-656b-40e9-8326-192dee0787f5_173474753	es
c3b0c9f1-bb74-4caa-9451-99dd22f49ac4_217007563	en
c3b2ded7-99de-4b72-9f9d-446e15c985ba_468846407	es
c3c6c885-a4a5-4a8f-84f6-b521e26bccae_906730021	en
c3f95ada-a425-4821-877a-4b0946a9ca09_848836306	zh
c4247207-bb26-4f08-be91-f1dc875cfe7b_212074467	es
c4532bb0-6a05-4eb4-bded-dd4aef3ac8fd_299365825	es
c4664d69-11b3-4af8-9fdb-fe562e693e71_304581915	ru
c46daeeb-5cbc-479c-bc24-5ecd023d9358_533335922	en
c476e990-4372-435e-8621-6165e8d2eff1_828636436	en
c47b0753-8617-4c64-8bde-c64371ed769a_352932588	es
c47b0753-8617-4c64-8bde-c64371ed769a_987224806	ru
c47c4bed-0557-469f-9e86-10ff534d80cc_842181685	es
c47d7ffc-b508-479a-9456-ec4bc655579f_650863002	es
c497feb8-f91c-426a-b7ce-1c83cad7adff_591450965	zh
c4b19ad5-415b-4f64-981b-53613f6bfa13_834650886	zh
c4b5a080-167e-4fee-89a3-915d1b4075e6_355989052	zh
c4c09241-3729-4a62-b61b-2349eba270cd_633651649	ru
c4d50533-ad8a-4582-baf0-476364159a8e_426167504	es
c4ec42b4-1da1-4f84-8425-47b9bc74c8a6_850846633	en
c4f7b35c-cbe7-48ca-8549-1dca50938dbd_316940585	ru
c5097b0e-8da9-45d1-9a8c-77747701b47b_476278982	en
c50a6abe-c724-4a4b-bfd8-b633719eed8c_431340218	zh
c518dccf-7c05-4b42-ace6-ee962b9ed993_537784564	ru
c53232a7-ce63-46a5-b765-61b214cb3b62_726062697	ru
c5350a9c-41a3-4290-9c45-a2ac4a9c3602_522996504	en
c538fdd2-cbdd-418a-b35a-42e29cdc11e1_647328113	zh
c54dafeb-66a7-4fb1-ad2d-f2a735e3a4e9_1039612905	ru
c57764da-d6ce-4cbe-b160-86f7c6ec8026_239663424	en
c57e599e-e314-4af0-ac03-31bfa0da2532_283653132	en
c586838a-3f5e-4d7f-b94b-a79bb150ea82_762892225	zh
c5902a46-5aed-43f0-b32d-15160445d330_1056251880	zh
c5a8bdc2-a626-4d51-beea-83fd1129fd13_59444319	es
c5c9dcd7-2094-4279-8fff-f72974fdcec3_179353730	es
c5e9d38e-ba1e-4d6c-8b0b-ba37ff10cb27_732757286	zh
c5f50115-9f7c-48de-9c61-124b8fe62424_360095342	es
c5f50115-9f7c-48de-9c61-124b8fe62424_389044873	es
c5ff1b39-77e8-4741-8d07-ddf9158c6cf2_652287720	es
c60451da-cde5-4812-a5ce-967a72738775_258246093	zh
c6059b63-4f3b-4baf-822a-b082e8226004_250424785	es
c6134a1f-ee5c-43e2-8416-a114097f710a_26807851	en
c614e4b5-1668-4f47-8251-4a669f18f4bf_894935838	zh
c638adb5-5d75-4a5c-9a5d-0b17fa9f29e6_176988957	es
c63cf157-746b-4146-864b-e8a9e8d3d5b5_791303135	zh
c650553c-9d54-4b8e-9d4c-57adbb29aa6e_741432433	zh
c663eee0-a3ca-4a6c-953d-791bd25fafa2_949052945	es
c66e3428-62ef-404a-b0ba-9bc670319831_455785205	en
c6870811-a107-4442-aa1d-e121052b528d_404036578	ru
c68a1180-a9b5-4b36-be92-0ec86cfd0e2f_867815563	ru
c6909d6d-b075-4518-bd37-02b5582d47a2_180776772	zh
c69f8c74-79f6-4859-ab8e-0bfcafea8566_235703057	zh
c69fffc3-097e-415a-a979-e347bc9a4355_658776120	zh
c6adc222-dc27-43f0-8bfa-eea5e6db8b98_466846235	en
c6afcbba-14ce-4c91-aa6a-93e6ae0a2bc6_864170527	es
c6bbd9ad-6777-4d92-852d-9fbf9b0c434b_876622031	en
c6bfd1e4-9cbc-4428-a924-615fbb66a9eb_137617486	en
c6bfd1e4-9cbc-4428-a924-615fbb66a9eb_181477997	es
c6c1b3fe-7c2c-4e82-af1b-35ec7dbcc64c_98829034	en
c6c4127f-6834-424f-882e-b1f09e7c083e_484680952	en
c6c4127f-6834-424f-882e-b1f09e7c083e_736124833	en
c6e2d03a-9973-4e7a-b082-32bb33200c5f_628733040	zh
c6fdbbc4-be8b-40ea-bf94-b1c4faf02e93_398117917	ru
c7008858-5bd7-4c36-87d9-9b0f12ccb3f8_49669642	zh
c716d913-ebbc-4399-9c94-8573f1c137ec_530418001	en
c71953ee-fe3d-4cbe-b1aa-f035e820bc3a_262216513	ru
c71953ee-fe3d-4cbe-b1aa-f035e820bc3a_809291641	en
c7200729-40b5-4def-b0d7-5bb37287be81_232294531	es
c721629c-c264-4aa7-bc05-aad4100549f3_887634770	en
c72332d9-0474-4ad0-91c0-e6e490eb98ee_433946650	ru
c7486342-9720-4a81-8bbb-32a17780f5d2_140963743	ru
c74d2be5-9ccc-46d2-b2e0-1594324849ae_422676292	en
c7552ac6-a971-47aa-ac76-81da082c88f1_845978227	en
c758b38d-dac5-42b5-850f-d7ba9cf0b2b8_93098465	es
c777e982-c3f8-4e58-952d-0730ba04c5ed_784128694	es
c7859c69-ee71-41d7-812d-f0576d62789c_940761416	ru
c794e18b-e6da-41c8-a57b-8641049d205b_849887456	en
c7a7c157-0c46-43c2-b9ae-288f2a2a658e_313917284	en
c7ae3d64-d012-4ffc-9395-e09d56ec339a_282211052	en
c7c9c4cc-9eb0-4e19-9d47-2bb847225df0_607981126	en
c7ee6ea5-5495-4518-b89e-d7c7d3af491b_5160213	es
c80c74cc-fb6a-4748-8639-5ddf4c9aaa3a_527116720	en
c80dfcbd-67a8-4583-8813-7a49ec21e1fa_298296460	zh
c81540a0-0741-4f0a-8fdb-7d65dc39aa13_616868739	en
c817c36d-8db3-474a-a2a1-286b46710dde_886072541	es
c83fbb64-bb41-47c6-84a1-e3e0a1026d42_640257615	en
c8562628-e57e-4843-9723-5948b8338216_490040690	en
c8886c7f-fd88-4219-aa11-3463f694c804_554968160	ru
c8887797-50aa-4ba1-8f89-2157c0183a57_173920984	en
c8887e36-a9ff-4d32-825e-a06d12bc8d13_276167841	en
c8887e36-a9ff-4d32-825e-a06d12bc8d13_377918751	ru
c8b9c553-21c5-450b-a74c-9c0f3069440c_45417301	en
c8cde84f-500f-4678-83b5-7c397ce27397_569514703	zh
c8cde84f-500f-4678-83b5-7c397ce27397_956381100	es
c8cf2896-e0bf-4806-ba23-c2b15a6494aa_1049402870	en
c8e86522-eed2-4951-9efc-271cb81c36d2_231429081	ru
c8eff33b-783e-499e-b87e-52368fc8557d_107011211	en
c90cda23-b262-497e-a9ee-58ae23c44b4b_268192251	es
c942e25e-af4a-4786-8390-86e2401ce7f7_1068242476	zh
c942e25e-af4a-4786-8390-86e2401ce7f7_325333517	ru
c95c6c8b-8d37-49c4-9857-ddf76d740211_1069408592	en
c9795797-30a0-47b5-b0e2-07a620ce7257_230692895	zh
c97d0f40-8db6-4a81-bcc0-27592723ad6d_39693751	es
c99adb91-64a7-454a-a41a-1cd3415fae92_223171093	zh
c9b12452-71ab-4747-88c3-585ea160baf9_480448830	zh
c9e7e8ff-dd20-47ba-9c40-04e233dd2c74_426649502	ru
c9e87f4b-0cfe-48c5-ac88-bba52498617f_362863581	en
c9efec55-9a18-4405-8637-b047656c1cc8_748726838	ru
ca0300f2-cd07-40aa-9407-2ed47de168fa_306255875	ru
ca2fac05-a9f8-4876-949b-1dc1b5d871c2_976882674	zh
ca480920-f0ea-457a-9ee4-50170efabc57_746990241	zh
ca520e9c-07e0-4f64-9c2e-cdd3f015fadd_138547474	en
ca5f0365-f233-4c62-9b66-ee74b376143a_620765453	en
ca96c135-1646-4cf3-9940-6a0b7d91e37f_995840421	en
ca9831fb-c894-4d10-b477-664f240a4206_628156856	en
cafc358b-4507-43aa-a0cf-eb93534425c8_118052836	ru
cb0c3f18-a020-4791-a2ac-9a74a11514b5_646710393	zh
cb1ff778-4afa-477f-a42b-beffab7e897d_1041587812	ru
cb32d1b9-b50a-461a-a9bd-335be53a264b_847522536	en
cb4070ec-32f6-4a43-b297-eea719de721f_532769845	en
cb732026-e91e-400e-a121-79f023ff8aa2_1049152860	zh
cb8248e8-9007-4338-8396-e39498862720_1068189267	en
cb8248e8-9007-4338-8396-e39498862720_452405644	en
cb905e5c-585d-4305-802c-6163e6eb1fcc_450368480	zh
cba19700-6128-4f03-9172-cfb2de2861a6_722923128	es
cbf1d513-b13d-46cf-961f-a94c596437cc_432879003	ru
cbf1d513-b13d-46cf-961f-a94c596437cc_779711208	en
cbf6d043-3c12-4096-ac45-80b9639307ec_42157852	es
cc07ab21-fb6e-46fd-beb6-091a1614fc86_292314037	ru
cc0890b5-b371-407b-a3b4-75ab8f9a9796_362849312	zh
cc223e0f-9093-43f6-9a6d-d16e46c4df37_958822755	zh
cc316cdd-6024-48db-9e3f-ead7f7cc9f20_993634715	zh
cc3d197f-7b66-4605-bdb4-de6f371515fa_661302799	en
cc544641-3fca-459c-92e7-d708cded2c20_747186356	en
cc629686-285c-444c-bd33-b14c6de2b03e_379927295	en
cc7b2279-3a6c-4bf1-a5ab-cee264bafa68_309729515	es
cc7d2c33-9ee6-40b4-ada0-ea18dcaff4b4_731832882	en
cc8f8120-e096-4e41-87c1-72c32e595a32_390690975	en
cc9cb4b7-a0b5-4741-ad1e-9628865c93a4_119108021	en
ccad93ed-17b6-4e7b-a32c-42495fcb0c04_791788650	en
ccafa886-e3dd-4385-a77b-18ff9f796afa_53451760	zh
ccb9c240-7376-4c54-81dc-ec40e8072f85_493161642	zh
ccba319d-7e78-417c-8f83-f5d774632787_130596480	zh
ccbbb75d-0b87-4413-9ad6-849c1f0feb09_1066544952	zh
ccbff219-ca6a-482d-8f4e-a268708ad711_902454005	en
ccf42cd2-7605-4d7f-8a2d-8f64e0c28998_571244197	es
ccfb6edc-a47a-4189-83b1-78440eb712d9_136765320	en
ccfc7c2b-8099-4e57-ab62-b61f1bfcbb6d_45740906	ru
cd1a73b7-a04b-4167-b638-bc5943c338b5_262603389	en
cd271149-7d3c-4c25-88a4-c7cdfa009ea6_279521780	es
cd29b736-0885-4dbe-acd2-8a43a2e48e2c_969900170	es
cd2cd9fc-5ce6-4fb7-88e1-43cc993112b7_763828950	zh
cd5dad01-bf79-45af-84bc-2410ee4ee409_208017240	zh
cd67bd8b-8b58-496e-a687-4eef427c9816_135317166	es
cd8b5680-4e09-4371-8d9e-cd0a2e99ea83_371519587	zh
cd8b5680-4e09-4371-8d9e-cd0a2e99ea83_578698136	ru
cd9735f4-00b5-48cf-821b-f6f330d23b73_325545954	en
cda1472f-bf84-4497-b8d5-bdce9f420a56_369056259	ru
cda3bce3-90ba-4cae-b54c-ce1339228d26_20361835	es
cda76b53-632f-4ccc-93cb-b9094905aa34_767680882	en
cdaab54e-0d38-4e08-b7e1-270e183be8f1_81188798	zh
cdab4d43-8b1f-4540-9636-709002523f39_483849731	en
cdc7f1c1-b149-4ca6-a3a4-3d4efe47bc0e_1001849622	ru
cdcf9778-969e-407f-8ed0-e56d54b31821_671026839	ru
cdd46cf0-9b33-4c63-985c-5c0ed88613ae_936848176	es
cde064a3-04b5-46b3-bbea-a8bc66482a07_508060415	en
cdf41779-ad80-42dd-a927-2b571897a001_78970159	zh
cdf675fc-6b75-4818-8d88-fe02ed8999ce_951903478	es
cdf72748-5c3b-4ac0-a892-d80ca53615f8_410509041	ru
cdf85656-a8c1-4222-b035-fccb0d06b3f4_394588870	es
ce13ec75-5d14-4993-a8f7-c31c1539b04b_1051680076	en
ce2dbc91-e68e-42b6-82ad-c9e7cf2cdf24_245798015	en
ce38517c-ac85-49f2-b9ac-388f8783e2ef_202834647	es
ce426642-74b9-4cc1-92a7-d505c6241133_1056757335	zh
ce504d4e-b9b5-47d6-ba8d-b062d75bdd5b_638232744	en
ce56cb3e-c53a-4b45-9cdc-49aba447bcd0_602288622	en
ce6e0512-d416-4540-b35f-2f9fe2bee273_677084291	en
ce9c97e4-190e-4441-b04b-5166504968bd_885554929	en
cea4e0e9-9535-4236-a81d-8100232fd5ea_216029622	en
cea4e0e9-9535-4236-a81d-8100232fd5ea_576812278	zh
cea550de-0354-428a-b7d6-05735c672b1f_37250741	es
cea84e4d-585f-4b05-ad75-42db7a6f7993_832147577	zh
cece45b0-bcd8-4e0f-87c4-1431843be20b_967044855	zh
cef762bd-1800-4ec5-951a-144a5371170e_452763128	es
cf128ba0-dda1-42c0-b196-3b0bce09ca4a_81662978	ru
cf237750-b384-48ad-85be-e9e241319e81_458297266	zh
cf2bfddb-231f-4a68-8728-23a814728b7a_262814787	zh
cf489147-6ca2-491a-8650-4abbf4878bdc_919785551	es
cf4b0ad1-479e-408e-a10f-6e308b53c2c6_205226134	es
cf574f5a-aed9-45d6-a230-4002ae17f6b7_308583800	en
cf5b5991-18b9-48fe-bad8-db398150edc7_224385668	en
cf5b5991-18b9-48fe-bad8-db398150edc7_962661072	en
cf66b50a-71cc-4419-8be3-49ab258f0119_44299346	es
cfa05267-3c04-4e26-bce9-00f3659bad46_36280091	en
cfbe0a19-555a-4389-b438-44fe83f14f7a_1070935831	en
cfcff546-3ea3-4a86-adf5-cbe953e28db6_704763711	en
cfd19590-fe1c-4f8c-9508-d0e24a581cba_798895852	en
cfe2bb35-bedb-4d24-9b46-be6a1c52d275_542705914	en
d012db3f-a6c1-4d44-9226-7980def4167e_378796197	es
d0483af1-6536-4ff7-8e4a-6fd73bc0f6bb_624426520	en
d0483af1-6536-4ff7-8e4a-6fd73bc0f6bb_990493507	es
d063e3ed-0b08-408b-a752-cb2f869bc068_312854166	zh
d076d361-4769-408c-ba73-6dc8c36241b2_139017542	en
d080a83e-312f-44bc-b609-731a2fac7375_596261217	zh
d0818af0-3668-4f44-95b6-6b3848646182_526570663	en
d08b2a65-2b49-42b7-9f6f-d312eea740df_1037344108	es
d09bd59c-bfde-49fa-ac39-8a092c7ffbf4_600251301	zh
d0a1d28d-d128-4d75-aca3-38d1df3b73b7_422334528	zh
d0c20aa2-f78e-442a-9be3-5218e4d92644_29449668	ru
d0d3490a-440e-4f81-a648-83fb72d51a44_404408126	en
d0d5d648-0ae1-4fea-b728-6d13e9a5348c_682182027	zh
d0e2532a-bb89-4bb5-9fa3-7535bf5a8f61_70407888	es
d0e5a9d4-9f07-408a-a335-31f6c9462029_148759457	es
d0f984a5-7be8-455c-b826-b5b7a8f5ffef_1063058876	es
d0fdd296-9dbe-4774-a00b-b9fe01772cb1_429779165	ru
d11aec68-4e17-4281-b3c9-235f8fcd6f2e_605075364	zh
d125690a-af8e-48c4-b617-a5e123a21998_574012160	en
d125f59a-ce03-43dc-8b35-586baabb6951_867277759	es
d132c32f-a50e-4bfb-9706-09c6bbee3a27_942860798	en
d13ced20-af81-4556-97d6-d55b56a7fddd_155699715	es
d13e812c-5ede-4af9-a365-fd13741bc596_842955590	zh
d14dd391-897a-4a7b-8853-c26120e4f894_494901921	es
d15a580b-3ee1-42a5-be38-0d60db9d1280_525563302	en
d15cc88c-cc6a-488b-b900-66be488112b6_878800349	en
d16e9027-33b0-4449-99dc-ccf8c57e5ea8_725362400	es
d171063f-089f-42ad-83db-744c3bb45fca_697711912	zh
d17ecd8a-4688-40cf-a754-b16711db9af1_1013380565	zh
d17ecd8a-4688-40cf-a754-b16711db9af1_524482845	ru
d17f5afa-86b2-4316-947a-9f5e1c156a03_545612029	zh
d1a1babe-eeeb-4a53-bd37-991ba569e7a4_27134710	zh
d1a8f5cf-c3fe-4644-bce4-6402edec7bf5_478178542	zh
d1b52dfe-57e4-4bf6-a45c-50110e5eb666_305552039	es
d1c5b299-ef40-43f6-ab7f-d1900d3f9ccb_5460183	zh
d1c959da-6aba-4a55-95c4-d3ba6a8b6f14_224450801	es
d1cb289a-68fa-46d6-ba88-3e5821c514cc_871009257	en
d1d9ee3c-17df-4ba9-921d-c9f6052ecfb4_127119921	es
d1e9ee01-e907-4819-a825-03adca8d534f_610284108	zh
d1ec735d-f7b3-4e64-92c8-3d7afe836adf_40347632	ru
d1f3ace5-b245-4f68-a03f-430d5f738639_73337687	es
d1f42838-96db-417e-8b98-caf762a377bd_365104416	en
d2075872-6a2a-40c0-bd63-b836fdbcc575_893697156	en
d2075872-6a2a-40c0-bd63-b836fdbcc575_979543216	ru
d21e03ad-6493-447b-a9d7-44312a8c25ac_601410779	en
d21e03ad-6493-447b-a9d7-44312a8c25ac_996086532	es
d22523ae-afaf-45d3-81d1-8011df1e3cca_150679037	zh
d22523ae-afaf-45d3-81d1-8011df1e3cca_597514388	zh
d2292819-1e66-46d6-bbc7-2f4cb41a9621_371642708	es
d22bae5d-0c38-46ea-a269-ca5f47cca776_1008825070	ru
d22f1fd7-9a2c-46d4-874f-0299407d022c_32830717	es
d23c6918-8658-4aca-a12b-e9c673848975_745744465	en
d23ce28b-4d3f-4a86-b8b2-ae43d2857fee_350735694	en
d26e2e46-0861-477f-af34-11bbb7b1006b_852378468	en
d27e442a-9649-47e2-a740-91621a2ba136_413972344	es
d28a5581-c411-4bde-9c3f-8cc53540749c_10509608	es
d28b4172-c9fd-4d85-b8fc-bff3e60d57da_114242258	es
d2a31043-31c0-4661-bd29-c40780eeb9ec_457390811	zh
d2ad2c2b-4cb3-461a-a94c-298b31f47ee0_415975816	en
d2bb6072-b785-4789-b0cc-ea3a1988e498_1034546692	es
d2f70c93-61ca-4e93-bfb5-e48bb1f59d27_944756687	es
d302a92c-e505-4293-98f2-0b061998e0e9_133958565	zh
d303f1a2-8d38-40d4-b3e8-df23f2669367_1046776147	zh
d32ce670-bbbb-45ee-a461-219d99111609_585154922	es
d330f040-3f77-4658-9bd5-60f8b6cb9851_244707993	ru
d330f040-3f77-4658-9bd5-60f8b6cb9851_647167734	en
d330f040-3f77-4658-9bd5-60f8b6cb9851_994471669	ru
d3385414-238e-4938-bc0a-1e8e0828700b_487605110	es
d339de84-d3c4-47a2-8309-3bfcf7e69516_374954175	es
d36a17da-bdad-4607-8c44-7f37d1c24618_169676773	en
d37392b1-112a-4105-a080-9cf406658be3_804485972	zh
d37392b1-112a-4105-a080-9cf406658be3_844045356	zh
d3bbc65e-d6e4-408c-b194-ab1818d5a5f5_200796812	es
d3bdca3b-f3a4-4f07-a05e-174f150b1aa1_579602518	en
d3f3e4b5-40c7-4460-956d-92d1bf5fa6d9_735218586	en
d3f7e511-ed72-4b95-8d4b-032748ae8745_167868688	ru
d3f7e511-ed72-4b95-8d4b-032748ae8745_334240158	zh
d403f79e-c311-40ac-b862-9f7d415ec7be_41243250	es
d4235bcc-b2fe-4d57-8ccc-90e5943d07ff_797018191	zh
d44ab6c0-3481-42b5-862f-b48981339542_552795781	ru
d44c3273-79e8-4638-8179-6548dae6361f_397272847	zh
d4dc4c48-f749-49f3-8e4e-eb6d321062d5_707135510	en
d5015c7f-827c-4876-b052-9ed8bab71ed5_16429506	en
d50bdf3d-4e9c-4f5a-903c-ef9e20e71b0a_988806238	en
d50c6583-e97a-4fe9-86d1-e83a75bbc4e5_248604807	en
d511b95f-2fc3-4243-8faf-bdd4992e1e22_798922792	zh
d5124985-07c3-4b4f-881d-0649f54b7ca7_671124845	en
d5133b55-9937-4199-a715-4f1b3a0ed928_365053662	ru
d5246662-f536-4dd2-9960-60e53ace1aac_345905204	en
d54fea02-070b-456a-801a-c4f05312a760_613942972	zh
d57d4992-f13b-43bc-880b-5c72c3149610_517815711	en
d589ed69-71ee-439c-8aa0-02ad92aae792_74719683	zh
d5b62b2c-aaf9-40e0-9020-0a719e08acc2_24326417	ru
d5deff6a-00f0-4657-b9cc-b346805f7a72_283322580	en
d5e7633e-4964-44ea-86b2-578d7f85d75a_266994767	es
d5e77c74-e6eb-46b1-a3e1-e0b8d773d911_76886363	en
d5eae718-53c5-411e-9d20-8bf9c9074757_725255081	en
d5ec7521-20a1-4e02-9ef8-19b70d6c6a27_1000728246	zh
d5f2adbc-bdbd-4fdf-a5b0-7ad1f6215b8a_82605165	ru
d5f58a58-cb88-45e1-b295-8c7f9c76cd35_23931625	es
d5f58a58-cb88-45e1-b295-8c7f9c76cd35_286419284	en
d5f6d4b8-87ec-4153-b49e-edb358d963ba_783214355	en
d600b156-186a-4c59-8444-9611c710dc7a_439250075	es
d6013341-2f11-42dd-a204-42f498d2cdae_122698730	en
d608ccc0-d0d4-46a7-b540-e337d32c6007_81345728	en
d6326b30-5d72-4c6e-8a2c-7bcc09d1089b_820211181	es
d6468b15-99b0-474d-ab8f-9841345b93f1_612617414	es
d64b0e6a-d751-4bbd-9058-6c03b4edf528_259186102	es
d6575e14-57c6-4e94-ac93-62e5806666a8_18173858	es
d6575e14-57c6-4e94-ac93-62e5806666a8_936092910	zh
d65dc446-4759-422e-889d-82f371992124_254452446	en
d6614de9-3247-4fb5-bcf2-42f1601b9182_5326067	en
d66cd62d-5579-422e-8c5d-a554173e9102_1008520223	ru
d6786626-3993-4c74-a80b-d5870378cceb_144014004	zh
d68669f3-d750-4537-9df7-ee3535e3861c_37727925	zh
d692e7cc-106f-4742-8d3b-a424d1dcd5ed_1032922425	ru
d696f7ec-d9e9-40f3-8963-76c2e89ae0d9_279250183	es
d696f7ec-d9e9-40f3-8963-76c2e89ae0d9_528622596	en
d6bcfc76-0df5-4e43-a1c9-b10f6f7c4521_77879807	ru
d6cca264-c75e-4b92-a005-59318fba1d99_620346504	es
d6e14aeb-64c0-494e-b35a-9e4fd3c2bf34_311214373	es
d6e9c882-c847-4204-9531-d436473318b0_697931638	zh
d6f2a2a2-6921-42b9-a06e-2b3201825e60_58732533	en
d6f2a2a2-6921-42b9-a06e-2b3201825e60_83448433	en
d70a98a0-4234-4d60-8c37-e8d32a494196_53857094	en
d712e187-920f-4842-8d7a-1648a61fe513_324504882	zh
d717ec36-85bb-45f2-b423-d05463a6e469_544825159	en
d744bae8-05e1-48f7-b689-0d711d49278a_328029043	zh
d7615ad8-d1ad-4e0d-9831-1a84fa58b4a6_736773431	en
d766c719-43c0-4423-80e6-89c1f9dc9d52_582869758	zh
d7718d1b-fb58-40c3-88c0-2dc670317db0_131892275	en
d77595f1-f79b-47fa-b472-6342d28d3f25_569061118	es
d77d8c09-820b-436a-807a-516e850512ae_539987126	en
d7960194-6843-47c2-9f8f-200d46c29f62_695099791	zh
d7960194-6843-47c2-9f8f-200d46c29f62_987771644	ru
d7a63e39-602b-43bc-a38d-bc08e8875495_284622566	en
d7b3560e-8e6c-4e9d-9f35-d1ca90c5af9a_580815345	ru
d7ba8500-f342-48f0-aff6-0a4b50a29253_733013491	zh
d7c54f97-9167-4fa7-8338-15e0d80c96b0_748137795	zh
d7cf6dd1-7aee-4205-a651-c7e06936b0ea_976526137	en
d7ed493d-29f5-497e-be00-31c4a9e44c0f_247114105	zh
d81bd102-edab-45d8-9e07-7eabfd506ff6_46161818	es
d826cced-2b91-4486-915f-ec2ec1993fa4_920992300	en
d834b05d-553b-4d05-b99b-de9bc1a3a32e_361880973	es
d834b05d-553b-4d05-b99b-de9bc1a3a32e_850869986	zh
d83e8650-5c49-41d9-92f7-51e55c2c7a39_230032460	es
d85236d9-8eef-4e3f-abe0-dcff44c54f77_592829308	es
d86b51c7-48e9-4704-8e20-dc18188ddba7_15919844	en
d86c265f-ff1f-4636-a591-c943e7f81e27_833270585	en
d89bcbed-dac2-44f0-82b7-1a4d64b9940f_183333511	es
d8b47d5f-299d-4e98-a4d2-dbde9820bf95_499146588	en
d8b508fa-75e1-4edf-8bba-a4b61e992cca_308466752	zh
d8b508fa-75e1-4edf-8bba-a4b61e992cca_335406651	en
d8d41f61-135a-4f8f-a799-865e4c62e684_968674670	es
d8dc14a4-1a10-473b-b320-02050d4c555d_273413318	zh
d8e96162-e6f6-459d-a778-d1109a6aa1d3_576974999	zh
d8e96162-e6f6-459d-a778-d1109a6aa1d3_80848310	zh
d8ea5b0a-2e13-4a9b-adb8-61c7cab7d703_187947649	zh
d90652ed-7add-4a73-ac34-20d6734afdce_936138877	ru
d90f08a1-fe92-40d6-b777-9ac88628e27d_545151096	en
d90f08a1-fe92-40d6-b777-9ac88628e27d_622660557	zh
d9335d97-fb10-4182-a03a-0c3ba35b7c54_121041615	zh
d9488d21-32d8-4b23-8cd5-d4b578c4ed31_275594062	en
d94f74da-d3f3-46cc-aa84-70163d4964c8_226732100	en
d950e35a-7c55-4bb0-87d9-0f30b51c44e8_576264925	zh
d98f3741-8f60-4a46-876d-a6e3b46ded65_456494580	zh
d98f3741-8f60-4a46-876d-a6e3b46ded65_861382422	zh
d995e019-0d19-4f9b-bc34-06da4d5b209a_873295769	en
d99ecebd-dd9a-4c0e-95b2-77d5f0c141ea_74478039	es
d9e4829c-7b92-494d-829f-b791008b75e1_957568246	es
d9f0e6bd-77e7-4217-b894-fadd94f74ca9_551012127	en
d9f41c80-07cb-4631-a9f7-7968f085e5fd_826433225	en
da062b62-90d2-4d7d-9c54-fed30804b7af_660374608	zh
da099d2f-3abd-44e4-96ef-78443d4f6707_323646185	en
da1375c0-35f9-4822-9689-15a14568b08b_272894416	es
da22fd79-d844-4287-847e-6313ce8d16c1_130946947	en
da2390ca-d3f6-42f4-93f4-454d0ee00888_667011971	zh
da4d69a0-22cc-44e5-8835-75f87e35b1a4_542975391	en
da582551-28e1-4ac3-9fdb-e60278c11d16_45405644	ru
da625e40-c4c1-4ab5-913f-70e6dd7dfbbf_375960222	zh
da6fdc82-15b3-4b07-bb0b-f01e76418795_600001468	en
da7100db-659b-4262-93a0-6edb61f1d7a4_660330640	ru
da85e3db-c212-496e-bd62-9023cbcb07ab_398219888	es
da909244-bdd7-4d59-b13a-bd2c50af6f15_194215634	en
da91c2d2-0a58-4f8b-8de5-399755f06b81_609087368	es
daa1ffde-916f-4bab-8523-0aa1ca506ba1_690108008	ru
daa27503-a11d-4ce3-bbaf-6d1b6e0b5791_473285566	zh
daa40219-e9ff-4539-9484-7e16747783dd_429086429	zh
dabcdeac-d3a5-4177-9b9a-dd5a9caba80e_670303331	ru
dabd9c20-325a-47a2-8b44-5b286773b969_443058784	es
dabd9c20-325a-47a2-8b44-5b286773b969_721064032	en
dac16826-ca44-4f64-92a7-843f6009ebb3_229875550	zh
dadaa0a3-8aee-4850-b160-778c3d721d38_348992818	es
daf444e8-717c-406a-8938-d0b493b4bdc2_508964237	zh
dafa9da5-38cf-4c0c-8b4f-09b814ce1c2e_365620837	en
db019ab6-b296-4293-83c7-9abde9a9b8e0_111152519	en
db1f8f1b-0dc8-4c0b-acea-0810f7130edc_635829619	en
db419655-110a-410b-a655-c60ae9472850_77055237	en
db457bf9-3095-4876-a613-105b3aa893d7_117740265	en
db5fb381-a0e2-4236-89bf-4d1bf992c689_102730696	en
db6123d1-6007-4718-a5a2-28bd62a352c1_953521174	ru
db685b21-b85b-4ea9-a68a-dcc047fe6ba6_42919944	es
db6f4c0b-93a9-48c2-8782-efdbf36c829f_536604347	es
db7eec72-26ab-4507-a739-7d62fb8aa58b_778937514	zh
db883252-86c8-4a27-9409-cd10f22845d8_484847356	es
db883252-86c8-4a27-9409-cd10f22845d8_909208551	en
db8a3b8f-4354-4e7c-a3c3-5cb0fcf03cf1_134477919	en
db9523c2-384e-45b8-9dbd-070177ee6553_809780053	en
db9f7486-e441-472c-8fff-e3d3beda3673_820941687	en
dba7a837-6f42-4c0a-8c8a-2a2e98d9b98c_868027637	zh
dbc4b58c-f271-4a80-9332-7b483a2e4040_366543257	zh
dbc5ce45-9431-4b6b-ae7e-a12df02ab117_293149282	zh
dbc8230c-dea4-484a-aa90-782794f05b86_506500093	ru
dbcc1318-a080-4a26-b62f-3d65221eab01_329152183	en
dbd22146-e039-45ab-999d-ccc324cf4133_921138469	zh
dbdb9e48-9ac6-408f-8721-7207d6728ac0_401467256	en
dbe62bee-c0e8-4b0b-aadd-7ecdd0aedb5c_556635928	zh
dbfbd416-d7cd-4c67-ac25-637a8e8e1df4_309785406	es
dc0a0bcb-a319-4731-8a64-0eec41fd68cb_624190292	zh
dc5cdf6f-0fbb-4fb0-ad63-973e34c07076_379561000	ru
dc5d61e2-0264-4455-8318-e73814780fb5_263029560	es
dc5fadd0-fb23-47d2-933a-273da80e5716_88830261	ru
dc6d23e1-e092-49a3-8d83-c3f135f4cc3b_34887457	en
dc7d1e14-9026-4142-8352-b56898791c5a_690907355	en
dc901cf7-47c1-45fc-97fd-58475f2fc539_110945369	en
dca47297-6ad5-4367-b147-8c57e78f2042_584966942	en
dca5a284-285e-4d49-b9a9-583ec60717ad_26597905	es
dcb987d1-237b-4172-9442-32368d7c07ad_811568022	es
dcbae39a-eed9-4ffe-ac90-2c99c2d94db1_110336223	es
dcc2a45a-d718-4054-8265-87c490940c94_191793674	en
dcd267d9-605b-46e2-880b-6ead7e59fa7e_430649417	en
dd1b52ca-da89-4333-928a-55acd03f7103_470228751	es
dd32ce21-decb-4c9f-a566-2818a96d6a3d_731450563	zh
dd35e9c2-7fbb-42f7-a10f-e7dc18bc2c78_258442776	en
dd4a0108-30fa-47ea-b350-87ea8fae3f43_607112417	ru
dd4f763a-ddc5-4755-9ec4-944815d173ca_782333900	ru
dd5e29a4-74ff-4341-a592-c40babb228d1_757196650	es
dd65f062-3c02-4094-8fdc-63d502838ae5_291206684	zh
dd6d6898-2b4d-461d-9e53-560e5436aa4e_1036756175	zh
dd9f3bdc-023b-445a-a7dd-a7ebe4144e69_909995732	en
dda0a8e7-11bf-4fa6-98ed-142541ee504d_813774944	ru
ddc419ef-482d-404e-b989-3adff996fdfc_972936190	zh
dde9b9ff-f64e-4fbc-bce6-a36cb0fda64a_67161213	en
ddf89922-3548-44bc-81fd-228efe79ab8b_700635542	es
de2d157d-90d4-4aea-952a-02a3d9239115_513065602	es
de2eb7dc-f9dd-48bb-841a-50f1dbf56613_129469504	zh
de4ec934-d117-497b-8fba-a52d7df7899b_1016354189	en
de65b595-822c-48e4-b264-5124e01ad7b7_1038921834	en
de899c6f-1b53-4642-97b9-887393863e0c_1018044131	zh
de899c6f-1b53-4642-97b9-887393863e0c_132074417	ru
de899c6f-1b53-4642-97b9-887393863e0c_619433759	zh
dea32bf3-436e-4927-936a-107f920a6588_266224778	ru
dee4737a-0c59-4e47-b025-e18c6f1cf0bb_409616715	en
defd4e81-6d80-4804-986f-0954478c18b2_1015924048	zh
df0754b4-3eed-49c2-a80a-ff78f49dcdc3_585609599	zh
df090823-d420-4c73-8612-1300813a1cf4_729179849	es
df131026-adc9-4567-b9de-5979d79b90b3_968557338	zh
df2a2f45-1aa2-4aed-b585-3d998ede0007_527826854	es
df33b9cc-27ce-4d9b-ad42-74743ef40570_474222150	en
df35e8a6-7ec2-4f2a-b4ba-beb51543c92d_687284662	zh
df39458d-9765-4530-813e-0beb81dab2b8_1064327534	es
df625884-6a3f-45b3-b269-42d50e4baf83_199448511	es
df6347d6-352d-4d57-94f6-fa90194f0e3b_38533064	en
df6d24d6-44ca-4cce-a046-69a25968ccbc_628735654	zh
df6e0f5a-1476-4fb0-8d67-1a27d9571c4f_937988319	en
df701e77-7732-471a-968e-5d12acb2b289_882567923	ru
df77b75c-6c46-4604-90d7-fbebea927a7a_666732999	en
df7d023f-b796-4869-b3e2-77e7ea5cc36d_485762518	ru
df7ec2cd-dcf8-4eba-9490-b0370d5c23a5_282950659	ru
df841f88-b07a-4954-ac3c-38cee8e1eaf6_264651451	en
dfa09298-4713-49f9-86e3-c073a7b5e04a_427307637	en
dfa09298-4713-49f9-86e3-c073a7b5e04a_94048774	en
dfa35733-d999-43ec-892e-c0f986af21cb_623872378	es
dfa6b301-494e-4ba3-b284-ccf75e54e143_327754307	en
dfb6553c-71fc-4b00-aa7c-67fbda83549c_278459715	en
dfbfa338-aa25-454d-97f4-7e7a89e35cdf_880003520	es
dfd0070e-7e88-4567-b62c-fc4317ba6062_849612563	zh
dfd0070e-7e88-4567-b62c-fc4317ba6062_983957479	zh
dfd8d281-9f71-4a30-ae82-db3aa48c12d9_71195626	en
dff01652-0d24-4507-8f07-4f0619d75dba_1058259674	es
e0174ff9-2cb9-4055-98d2-be9b352ea711_229773423	en
e02ee547-ef66-4a3b-9bad-8af65fdadfb1_211850075	zh
e03366b3-3d1e-49ee-afd0-30af7d0ec406_663797866	zh
e044b253-71ec-4424-976f-26eddf85b5d5_169104880	es
e04e6870-8067-4051-91d7-d5c61f98e01a_170023665	en
e059896e-54c6-492d-ba83-a449670192ee_807964527	en
e05bf13a-4be5-4c81-a53b-1d60a38a6766_233361201	zh
e0851575-8a2d-461a-861b-b0743da9d3cf_68980742	ru
e08ae7c3-8764-44f7-8683-bee04ea4211d_414768056	en
e09ac2fb-23ee-4ee7-bae1-3f8273bcd156_747667143	en
e0de633b-2f26-4a3b-ad03-11de83ed8a85_900837621	es
e11322d5-e20d-410c-b5d3-a3e74f101aee_115098671	en
e11322d5-e20d-410c-b5d3-a3e74f101aee_340640847	en
e11756a0-9abf-4ff3-b555-74dac1f779b4_45673494	zh
e1373fc5-7d9d-4623-9b3e-fa31283e16f6_262531950	zh
e14284de-3b47-4cfd-af72-6450b5960980_552861802	en
e1535c69-6ed9-4fc7-b814-22f0f6dc83b8_450268119	en
e153ed65-0af1-428e-a4bb-c64e703cd8b1_798748331	es
e16015ac-f39c-436c-af4f-b921511bf33e_177678213	es
e171d9a4-f7f3-4917-8dca-c6f67c1744b4_915945265	ru
e1a43051-00ac-42dc-bf72-1271b6eaddc3_349695620	ru
e1a74234-936f-44c7-858a-47475a8430db_291302918	en
e1c68806-a5c3-42f8-9c9e-fc0b9077c876_613732535	zh
e1dfb45b-fa8a-4322-bd51-79cdbc9e8b5e_773825669	en
e208345e-e4f8-4c01-9f44-be481da288f6_282100955	ru
e216b1cf-8749-4538-bfde-1cae14f8968c_388952406	es
e216b1cf-8749-4538-bfde-1cae14f8968c_785532003	es
e227a98b-3f3c-4ad7-98b0-357263e797d6_87101401	es
e23f74c5-8da4-4826-9850-483b784b930d_684969577	zh
e24653e2-2476-4593-82a7-e80c472104ac_252606480	en
e25f0088-a495-47b6-b92e-bc68cfa99933_128680815	zh
e261fac5-9ca7-4023-afd4-0500703a1e03_1054119676	en
e269ff46-203c-4fbd-b47c-eecd147fdd7e_607448671	ru
e2835fd4-829f-43bb-a6fb-8f165427f5c0_423319902	es
e28b5cda-b957-46b0-a50d-ced01d075c55_429697989	es
e28d21dd-3b00-4da3-a57d-12756c2c99a3_244430858	zh
e28d21dd-3b00-4da3-a57d-12756c2c99a3_360706075	zh
e2aa2664-8295-4d91-aeb1-53b87447f427_1008615779	en
e2c22b23-40bc-4038-8445-c01115fc6bd8_721328727	zh
e2c86ca7-0700-4115-90c2-f6413cfd288d_618345641	es
e2d47f87-4450-45ef-93c4-c99f71442aea_195064864	zh
e333b10a-f03d-41d4-9796-2cbbc351ec66_274891247	es
e3371726-cb88-474c-bfcc-48e5ffbabf7d_302619952	es
e33801d8-ddd5-47df-8c69-d6b3a3777d42_791403757	en
e354692c-1c00-4c5c-adfd-7f285cb3cd18_771792392	zh
e3646b6f-f870-4b2d-b9d1-93c9d113821b_362316936	ru
e3646b6f-f870-4b2d-b9d1-93c9d113821b_984129638	en
e36a6926-d516-4495-b3cf-ba9c099cf419_222525409	en
e36a6926-d516-4495-b3cf-ba9c099cf419_266632560	zh
e36c2b55-ffe0-4765-bfdf-9fbcd34f056e_138264639	es
e36c2b55-ffe0-4765-bfdf-9fbcd34f056e_296199968	en
e36c2b55-ffe0-4765-bfdf-9fbcd34f056e_518593078	en
e37804ce-2419-4c59-b34d-fcccb4ed83a5_656424176	en
e37bb3a9-fdcf-4940-8c2d-ed9a1134e855_107683755	ru
e3a1926c-208d-400d-ae42-8c1c076e7a70_701380320	ru
e3dc2006-3c9a-4307-ae78-fdea766b4198_358776954	es
e3de8156-efe0-453f-8fb9-4eb9fdbac97d_717569229	zh
e3ed7571-fe62-4ca1-b30f-6cb45ef972ba_474517813	en
e404fb67-e3e3-4b29-bcd9-fb37ce5c727f_785723021	en
e40c0a6d-b1a2-42c1-8593-d964258887e7_402676681	zh
e40e23c7-cd07-4822-a491-32080653cbc2_217821844	es
e4195d8e-57f7-4458-a143-6c8d6f824974_813808030	zh
e427c3f5-13a0-4ead-a718-df4c82114c5b_661566840	en
e442c7d1-54ca-4f47-beea-27595d7e9e77_914041215	es
e45ecf43-4f53-41d5-ada1-db0bfc863307_262639061	zh
e46e58d2-59c8-4a30-b465-5d2f41876923_681976453	zh
e46e58d2-59c8-4a30-b465-5d2f41876923_718352016	es
e46e58d2-59c8-4a30-b465-5d2f41876923_969584522	en
e484c7b7-c353-468e-98d3-b67d1c8b5fec_1053859217	en
e4955719-07eb-4c3c-9537-0e45e702d2f5_1000137138	es
e49eb524-67c5-4b17-9f92-f8a5e6473776_324629427	es
e49f8a7e-b677-434f-aac2-0c5cec6a0194_313169850	es
e49f9128-b0f8-40c8-88d1-c2971932eab2_390688600	ru
e4af3297-3b92-4554-930e-4c6f57327ca3_162663425	es
e4c7add0-7f67-4fdb-b4d8-f82c2bba3ef4_249596824	en
e4f19873-0799-4124-bd81-2a44cda4f9bb_590998461	zh
e4f5854b-23de-4969-8543-bf225414909d_551757660	ru
e4f5854b-23de-4969-8543-bf225414909d_730662821	zh
e50654d5-4ad5-4adc-a09c-a898eae38393_490270425	en
e50ede5b-3cc7-479c-bb9d-a74e297cf9e3_463363722	en
e50ede5b-3cc7-479c-bb9d-a74e297cf9e3_478961376	es
e51371a3-998b-41a5-b422-776df320f0b4_747939444	es
e516f288-818f-4753-a3cd-ea56178a5605_846412853	en
e5174002-89c6-4504-97b3-4df8e4cea6de_715665021	zh
e5206ffd-23f2-494a-af1b-7d634cf018bc_789560700	en
e5283018-1241-4826-8efa-f23a02eb984d_1043641787	es
e53f2528-6d18-4622-975f-6c120ec2b9cc_207501121	es
e544d19e-b76c-4446-983f-70d0f662f245_415198022	zh
e54b5c64-13ce-4319-951c-62f5414ecd22_970065522	ru
e54be646-441d-48b4-9088-43d9d2e7c230_738160882	es
e54ed7c9-9966-4661-8e4a-50a1de3b1ba9_24949931	en
e551204e-a829-4b03-bff2-74881fcfe13d_372753522	ru
e560a368-0ba4-44f0-a49c-e39c54821df0_174692804	zh
e57f2308-ae72-424d-8f33-c31d87eb83bf_98495671	en
e59a95fb-943b-452f-a4df-813673ffd09a_630711162	en
e5a8d10c-4268-4a60-b37f-b9ffd647817b_336439938	ru
e6068745-f488-4f0e-9910-2f016b0f9a10_939174419	en
e6175d90-db4f-4768-8e40-974aaa98612f_85086981	en
e6375aa6-9eb5-4eaf-a673-c1809cd26329_367870640	zh
e639edfa-8588-4edd-a911-117f2a6b2f23_998446413	es
e63ef323-5794-4218-b03e-615ba282837c_762077687	en
e6453ebd-cdc4-40c3-983d-9ef63c09f896_157829337	en
e6644e84-3a45-4719-8c4b-c8b69dfa73cc_424918515	zh
e674536f-45d6-467b-84de-4260817fe35a_556206465	en
e674536f-45d6-467b-84de-4260817fe35a_930487588	en
e675e94a-80ba-40e8-8f34-754db08acbb2_720163725	en
e6782f72-eb79-4f19-9b88-b32a25fcee9b_81199139	zh
e67fa4b0-fff0-45bf-b163-ec45f122d973_938640584	ru
e68a1033-2c49-42fb-bd7e-834a10f8a1f8_274995539	zh
e6b42855-5f4b-495d-82bd-6d95ef498c42_340742631	ru
e6bed957-ee0b-4178-9648-97a687e288ac_242895503	es
e6dea607-fa8b-4f05-aac6-94d76529efa8_624893861	es
e6dea607-fa8b-4f05-aac6-94d76529efa8_789387051	zh
e6e01dd0-df07-4c18-9238-0bbd29f16d70_565664229	zh
e6e61036-fa3f-42e1-8d85-0ed6dcf9a2e4_918116637	zh
e6f21f6d-969b-4269-9c2b-67c55866f99e_875505716	es
e6fd2679-bfa8-4b61-b6d1-5d9adfbf5e32_352081385	en
e7099633-61d6-4fd0-b12f-be3400627172_380134612	en
e7354f38-ffa1-41c4-b89d-d87ff660f483_1052105826	en
e751ebaa-3b89-4a85-95fa-37c3ce28f585_410640717	en
e75e22fa-8120-4265-b65c-459628c19ab0_394545716	ru
e762e788-e137-4a42-b424-11fe78f6662c_864881412	en
e76a9f98-f5e8-472b-839b-a54506cd80f7_1063256456	zh
e77a25d5-bc4a-4817-919e-46f48a360d5e_3802776	ru
e78ae20b-7ec1-4028-b2b2-bb487a6050c1_1013482623	es
e7c1fd1f-daf1-45e2-a485-62cd20dd50d8_1062249491	zh
e7c1fd1f-daf1-45e2-a485-62cd20dd50d8_769905676	zh
e7c258c7-1600-4e18-ace8-498012abec70_609877821	es
e7cb3969-bfec-40b4-b74a-706e6e2d6dfe_638837964	es
e7cb3969-bfec-40b4-b74a-706e6e2d6dfe_82069747	en
e7d86fb6-c613-4614-b182-74a4d9494f5b_1023064640	es
e7d86fb6-c613-4614-b182-74a4d9494f5b_458515648	es
e7e002ee-f4eb-41eb-ae17-5c84227965ee_701210426	ru
e7e45aa1-e43f-442c-8dde-f63ca6cef555_408200239	es
e7e81aba-ad90-4589-8940-89a062ef11a2_999600900	en
e7ff9eb5-c3f9-4a74-a940-fde5efa8889e_853774592	es
e80f64e3-6bbe-4faf-96b6-efac82978c20_606732376	zh
e80f64e3-6bbe-4faf-96b6-efac82978c20_654745585	zh
e825b080-93eb-4f1b-9520-4c9c94ac0e66_298758997	zh
e870254b-98bb-45a3-91bb-fef6800a7484_556121586	es
e87cbdc8-e176-4ce1-9c0c-50f676dbf92f_631458980	zh
e8c7628c-3bd1-47a0-b1b4-ea6b13b83063_370106410	ru
e924e36a-df4b-4c50-a93c-ec66b3f8789e_655247097	en
e937836c-870b-440d-ae9d-1dc3ed91aff3_746343876	ru
e94b0f77-9392-4616-856e-6bb25fc90646_95990057	zh
e97df0fb-7f68-4a7a-8b3c-c9b151cb58ac_454244817	en
e9841bfd-76df-4fe5-9e1d-64d26b7991a9_360970803	ru
e98686c2-9365-40d5-8651-d5ab6400f899_731810066	ru
e98fd00f-f920-48f3-856b-60417d5ac5a9_36664129	es
e99b93d2-0a5c-45b3-b85b-494265461a24_676940831	zh
e9c3d538-7e66-4186-be3e-87b25fa5b6a7_491866355	es
e9d37547-5bae-4d8c-bab6-30f7af319792_297781906	ru
ea27a8ea-e872-4081-af37-b0af4e7d4a56_759596230	zh
ea2803e9-2428-4e1b-8a0a-9173914415c5_250222571	ru
ea51a429-b123-4135-9258-2eef0d36d234_1052072949	en
ea69efb2-7c9d-4eb8-9760-3bfb3c018eb6_293956861	ru
ea8413e9-6540-48f5-b939-6849cc17b753_790383797	en
ea8413e9-6540-48f5-b939-6849cc17b753_885769621	es
ea8413e9-6540-48f5-b939-6849cc17b753_890840727	zh
ea8d3018-5107-4938-970a-0d69f398d1a7_213908266	zh
ea8d3018-5107-4938-970a-0d69f398d1a7_331248341	zh
ea8efe93-815c-4f57-8038-548b14438087_369206706	en
ea90bb4e-0607-4636-afd5-5e325bcbfef8_966751224	zh
ea97d66c-aef3-451a-98a6-59f0c7b366c3_119556582	ru
eaccc9a2-7cc1-425f-8202-6b998c49b986_566871008	es
eaf34235-d866-4450-95f2-4486c0b825b2_660427454	en
eaf372c8-be33-4798-9ae6-76e64a87af6f_395449368	es
eafcada2-fef4-4839-bb66-dcddae4c2a7c_470967871	es
eb058b75-540a-4612-ac86-89bdc7aa1e0c_219245997	ru
eb0c5555-806d-4cc7-96b3-c15126d6239c_185491533	zh
eb0c5555-806d-4cc7-96b3-c15126d6239c_503496070	es
eb10a47b-4eee-4829-9a4f-4871383922bd_943662973	zh
eb18e2fe-b042-451f-9f97-5a7d6b347075_51047302	zh
eb26df23-ef18-4738-a485-77e4ad861154_1002644643	en
eb35cada-f01e-487b-83ce-87b9d822b9e8_316566836	zh
eb3cc4c0-7b2c-4f2f-bdc9-b89d3641a4fd_943485001	es
eb47adc0-d049-428b-a86f-67bb5bf4990d_331219321	es
eb47adc0-d049-428b-a86f-67bb5bf4990d_49292094	es
eb4d7971-0be5-4c99-8361-6d5ab8039ce5_702623045	ru
eb60babf-64e5-4e58-8e2a-ecee6853c588_871854850	ru
eb6e9680-5cc8-46b5-a0c2-2e06e3f96f72_353071187	en
eb802f65-b7b2-4966-930a-44fbc62833f2_456924141	es
eb890076-7599-4c1d-87c7-d77605db6550_984257658	es
eb958b51-79aa-470e-b2cc-0521f06a9750_415033442	ru
eb958b51-79aa-470e-b2cc-0521f06a9750_667093200	en
eba74e45-e48b-45e2-9075-1e69faff116e_155389297	ru
eba74e45-e48b-45e2-9075-1e69faff116e_460671249	zh
ebaef4d5-d6d0-4588-8ddc-2bd734248a0b_889918470	es
ebdd403b-03f2-4784-a8db-c3eeca74a8c4_47081887	en
ebdd7b6b-82c2-4d80-985f-49b129710cb7_60070389	en
ebe2c34c-5dcb-4421-a702-9bc0dd4f4ad9_121874079	zh
ebeac015-9448-4162-82a7-7b7351390326_39376049	en
ec1ecfca-7f9a-4efd-bc6d-640d40689569_108423922	en
ec67a5d1-e963-4947-b94a-9f8501f0db73_384020183	en
ec6a04cb-95ed-4d5f-a76a-0faa5e26b59c_164833619	es
ec6dc4ed-e556-4152-a5da-4d354e699725_364097275	en
ec6ffc0f-0e44-4fda-8b65-624343a691f9_226537650	en
ec7a685a-8607-484c-b78e-713a27fd3667_80553578	en
ec843b4b-21eb-4655-b2de-290de6e3dfb7_354195566	zh
ec845cd5-8d65-43fe-b602-019cc0d6ff0b_912600670	es
ec856179-f2d8-4bcc-b021-3628e83182c2_548212783	en
ec856179-f2d8-4bcc-b021-3628e83182c2_683021345	zh
eca07730-0521-4a88-b01a-335973c3a93a_783267665	es
ecd517e8-f312-4c56-8748-74fef629f405_881656888	zh
ecdf4a88-257b-447c-97d4-af3263c416a5_32060086	ru
ece857da-08c4-4d7f-a4bc-5ebd029d3fe9_899384669	en
ecfb1b5a-aab5-418e-b656-b3f803213494_620426093	es
ed0842ad-d531-4ca3-b2d9-8a19fe558378_37423536	es
ed28e7a7-da90-4a40-b12e-0760be78ebed_177017373	zh
ed44867f-adcb-42af-9b9f-b4420e0d26d7_11591233	zh
ed59e7f3-cb9e-4cdb-a143-7ad153c85008_405036529	zh
ed5dc464-33e2-4f8b-b0a9-91ef72a21913_780997471	ru
ed656d7b-078e-4df2-967b-dc48cad0c310_644323571	es
ed7b1e94-44de-43cd-8a06-5be950669e8e_284971296	en
ed8d85ba-f9d5-4e6d-b888-9928c09d9edc_718181508	ru
edf2b0de-5db3-4617-93b6-34ab25501dea_406156348	en
ee16053d-b66f-4aa5-8d9f-f209bd3bb335_517675024	zh
ee172689-09c2-4e88-b2f1-80e267e663c4_981807347	en
ee1bb388-082a-47de-b0ba-fe5cefdb86ac_73979534	ru
ee203c2a-18da-461d-b608-b46920026448_683810178	zh
ee247c5f-b89c-48f3-b394-f49db7206548_317175396	zh
ee3a6af4-df60-4427-aca2-91b4b9a279bc_684344643	ru
ee3d8996-d746-4413-b8a1-d217b1b994d0_1010845502	en
ee4105d4-87c6-4131-aed9-9bd7449da497_93611821	en
ee42058b-554a-46e4-b112-ce4256fc9b2a_660836092	en
ee6035cc-5c12-4d72-b00e-91afe187bd88_173900488	es
ee6e50f2-535f-48f8-8421-e55bae5a5101_182014534	en
ee88ab8b-8e5d-4558-acc7-c02fc73b5487_117353380	ru
ee8fea47-fb9e-4714-b822-31f3df7fbbba_425403989	en
eeaf461b-52c4-4e64-b636-232fa3b07bc1_528166771	ru
eecd40e9-170c-426b-9540-350aa2a920d0_700983663	ru
eeddd0d2-b715-49b8-893e-ca98af18d9f1_973412720	es
eefbe8ef-db0f-4b37-9085-c2311e0d2a1a_875193740	zh
ef29fc3e-c995-4eb3-910e-22e57ec75667_797049869	en
ef29fc3e-c995-4eb3-910e-22e57ec75667_97918158	en
ef2b2ba0-d4b5-497e-8b3b-f833edc64860_856451473	es
ef2f9ad9-923c-40a5-abed-525dbe09891d_182795772	en
ef4c7e92-435b-480b-86eb-3732d586db4e_113710711	zh
ef681eef-bf83-4d4d-9865-3593fd4e59b8_453342355	en
ef681eef-bf83-4d4d-9865-3593fd4e59b8_680119659	zh
efa12255-3522-4516-9651-f30fc980f6b2_241462422	es
efbf8e21-e4ed-43ac-86a1-7217a6030d69_1004498235	en
efd8d049-48aa-47ab-8eec-1682ead05fbd_799261690	ru
efe7f3ca-58df-4b6f-bd6b-0518d298b21b_218281614	en
efed4f74-48dc-46a8-b84f-82c4fcfa0af4_287845253	en
eff29c35-1357-4eb0-8285-e426c4bb6aa1_616388057	zh
eff29c35-1357-4eb0-8285-e426c4bb6aa1_636117219	zh
f013e3ac-147d-41aa-87b6-24401dbe217f_727780730	es
f0153bef-0b0d-4844-9311-9fb3402ed7a1_822459133	zh
f0154ee8-fb0f-4127-a3e4-85bda42c1b7c_299292873	ru
f04d91a7-eba3-42f3-810a-bb5ce84c37f4_985091262	zh
f05ff2f9-52ce-4211-afcb-ea48ca428b66_399500244	zh
f06360c1-db45-4ca8-bcd4-31522effcac4_645811520	zh
f0667adc-6ee3-40bb-84fe-5cff97f09f8b_877816748	en
f07189c5-e66f-4350-b753-b6364c16813a_703735550	es
f0885208-961d-4bd5-ba73-0c4340e18ce1_206884299	es
f0885208-961d-4bd5-ba73-0c4340e18ce1_790570254	ru
f0892948-18c9-4fcb-99fb-fc0c7a64a2d8_445340648	es
f08edd1b-0a1d-4c07-b8b7-696cc560b852_568243916	en
f0932c14-bf26-4a29-a8e3-cbacb4a1a279_789054594	es
f0a41db4-a907-475f-a7ce-0ba38743d7bf_84853072	zh
f0ac2907-aab6-499f-bf98-ebcf20b21fac_1010027758	es
f0b0c8cc-b22f-4b25-9012-604e0f1edd9f_241954180	ru
f0c8751d-3ad8-40e9-9b59-62f949762125_146379263	zh
f0dcd03a-146e-4ce8-819d-645a5dd097fb_78599327	zh
f0e69cda-f04a-47ed-abe4-25e33535cd1c_419041407	zh
f0f0c287-d821-41c6-95f2-b5bd4e9ede2a_11255520	zh
f0fbea75-bd3a-4ece-b6ef-9322796f190c_931905810	en
f0fc30c4-4b0e-4c14-aff6-9c0890004d9e_195395193	en
f1164684-92a5-4496-b427-29f4ee46caa0_68353237	es
f1276cdf-8201-453e-918b-d533fdb79506_48832901	zh
f12fde82-56c9-44e1-848a-fba9cf8a57d0_392539317	en
f13f31b9-3038-4f54-b414-e8a35ca6554e_15455188	en
f13f31b9-3038-4f54-b414-e8a35ca6554e_54569083	es
f147d0e7-a9fe-4929-8f50-e683ac308242_428146275	en
f159190a-4708-43b6-ac4c-377e493a1689_533921214	en
f16378d4-e1e6-4737-b9c6-608bab8b0c63_45581793	en
f16378d4-e1e6-4737-b9c6-608bab8b0c63_89293152	en
f16e4861-ba96-4ea3-b3de-da51f59f50aa_516846088	zh
f1705643-29c0-49c0-bcf2-1830f44ab909_414834718	en
f185053d-dc88-4b46-98ed-30674b0e3271_746100734	es
f19875be-563a-43cb-893e-0538851ab393_641190740	en
f19875be-563a-43cb-893e-0538851ab393_788140918	zh
f1993973-adf4-4ef5-9610-6b4c256aa956_729344372	es
f1a1b0a2-d820-4c92-a3ed-c0bc92d12ad0_886496218	ru
f1a4247c-84fc-4570-a3e0-87a34b5b45e0_304066648	ru
f1a57d45-087c-45fd-9e08-c6b5fe388347_435057688	zh
f1af1bed-a312-4b65-953d-5343a6159d3a_539111308	en
f1b13927-8941-49d3-a2e3-719d446c70a3_691165855	en
f1c8a92a-99dd-4b8a-9a4c-88d29ca7a143_666141609	es
f1ed9cf1-2491-47ee-afd4-41c0af0eed52_966800427	en
f1f95f61-4aa3-41f6-8602-e9c43eb74224_468305872	en
f2009601-7fc9-4f55-833a-83891ff8edea_326179471	ru
f2009601-7fc9-4f55-833a-83891ff8edea_347526566	es
f20253a0-fb6a-4ce0-bd3e-522769e787b7_276435243	ru
f23aa8a6-6b9f-49a5-902a-1b91af217a5f_115745524	zh
f23c779e-017f-4628-9a50-d04f7ac0add2_854789429	en
f248eeb7-7f02-45bd-952b-6af5aec931ff_340965142	en
f24a4065-c100-4f4f-8d03-98e027419327_608319055	zh
f266a5fe-0359-4c14-89fc-449d340b1870_86651439	es
f266a5fe-0359-4c14-89fc-449d340b1870_944140878	zh
f2791e23-3c71-4bee-93c1-51ee041b2ace_361458388	en
f282e207-20c6-43b5-b1e5-f5f935886ae8_225106882	en
f29ea7d1-10c7-4b15-816f-17fcbe9fc389_442889954	zh
f2ae69ba-be08-469b-bdf7-3f58215ce8f2_193225209	en
f2d0c845-7f25-48d5-aa78-4a947b6fc4ca_130252062	en
f2e08670-2200-4933-81cb-a5fbaca009c4_223150339	zh
f309b634-cf37-42f4-b9bf-9e4a87bbfc26_546553190	zh
f3130371-ec9f-4dee-a06c-18c9f5abdefd_220199851	zh
f321734b-01cc-4e21-808a-3601822c4fa6_923463259	en
f32c0d27-b66f-4fd0-ac48-29bf922d8e5c_791355173	en
f343754f-be36-4af9-a066-71d2a836c863_84707151	en
f357e027-68d8-4f39-9adc-fc04390aa0be_899344316	zh
f35f4eac-ae6e-470b-b447-b34cb6d30e7a_475132136	es
f36128dc-0b12-40c3-8320-b3527ee862af_1050413051	es
f36770e4-4cfe-4f6e-9565-56281aec88cc_38826797	en
f36ef98b-d23f-4611-a756-592bab755a8d_230830494	es
f3a19332-28e6-440b-9cc7-84325ade03fe_380081076	es
f3a19332-28e6-440b-9cc7-84325ade03fe_608518761	en
f3a77ca3-35ec-4e05-a59f-dbeb73e5984b_317192978	en
f3a7a1ef-6816-46d6-9b0c-8bd0d1983944_134952526	ru
f3a7a1ef-6816-46d6-9b0c-8bd0d1983944_489231647	es
f3f89261-173b-48ee-8d8d-0a9b9e005404_796498497	en
f41389d9-91bc-4204-accc-d2cdce3ebfd7_790398714	ru
f41389d9-91bc-4204-accc-d2cdce3ebfd7_989140026	zh
f42f69cb-9ac7-4071-914b-21931b5b5faa_415821581	zh
f44703b8-0f76-4653-b673-54fdee24018d_374305441	es
f4566374-1e27-4412-9930-0bc773423fb5_877170211	en
f4617bf8-4458-43bb-94e9-4f6d65b48c44_297891389	ru
f4684a9d-c449-42ad-9437-a39d291b278b_345937987	es
f475cc5e-2d70-4a5f-abd7-0a94bbac849c_54925727	es
f47eec07-7af4-4aa4-a114-d550932fbb12_779270896	en
f49578d1-b7ea-4449-aa07-22d4bf837870_56139939	en
f499a551-873d-4967-8850-9142b79d1a51_566618756	zh
f4aed8f3-577d-4524-a178-fa361647c072_177756482	ru
f4d73247-6fc1-48a1-828a-1c17eb588239_398225278	es
f4dfbdfc-ce2f-49ca-b684-6b362088f780_879280543	zh
f4e48047-cd04-4958-ad82-178caeadc9e1_651175732	zh
f51b79a6-e8a8-49dc-a95e-abb793bdbb5a_622055895	en
f52c74df-55f4-4425-93cc-499619ed942b_369665429	zh
f52c74df-55f4-4425-93cc-499619ed942b_868692188	en
f5302cdd-fd17-4dab-a0ba-38243e99f7a3_347682560	en
f554eb71-09dc-42af-b99b-7e8a8671fefa_171897632	es
f56a9999-55ab-4d8d-9212-f81c7b6adc8b_68839957	ru
f56a9999-55ab-4d8d-9212-f81c7b6adc8b_775059360	zh
f56fc6cc-a2bb-457b-a665-3e28429b6694_1013299715	zh
f56fc6cc-a2bb-457b-a665-3e28429b6694_126730698	es
f573ece1-9e87-4e99-b506-adff24ae05c4_308713022	en
f57ee4b6-b3bc-4d6e-a710-61a8874c0778_678527585	es
f595c8f7-a183-4988-9c66-1bf8cfe0545b_1011417419	zh
f5b74ba6-40a8-4146-9ec5-0a9d80aada2c_124401417	en
f5ef317c-2499-4ceb-b171-e62b4e66e201_656154919	en
f5efe396-efb1-4c7e-84a5-df758ef1332f_264313836	es
f5f1b937-2e45-4803-a339-f0f80804f053_597381212	ru
f603d052-aeb1-4d32-bcdb-605908b1aabb_918553233	zh
f60a0068-aeea-4f40-999d-cc29558bad9f_259215692	es
f611ce2f-fbf6-4eca-b4e9-b5bef3fe8084_875719592	ru
f62f44d2-dbad-4942-873b-817b9f34e73b_272701456	en
f64d1bee-994b-4be3-8c18-ee9f85c1d58f_150365383	ru
f6706fd2-386f-4c4d-a322-1bc9eb74e9b5_730935295	zh
f67bb177-589e-4a9a-a053-95bf3cdd3707_363515307	en
f67bc659-0c84-46a5-b6dc-e7579a08a59f_529736031	en
f681d169-2708-462a-ba28-f689fa1fae4f_530612619	es
f681d169-2708-462a-ba28-f689fa1fae4f_638301100	zh
f685a6c0-9113-4ed2-b92f-e2e287d228d9_302930308	en
f69540cb-1a7e-485c-b087-2484ac8238a8_381851654	en
f69540cb-1a7e-485c-b087-2484ac8238a8_75785153	en
f69e20e5-672b-4243-8976-1421d2262025_390368348	es
f6c8929f-f9a6-4b49-9763-122858bd3fe9_1048691017	ru
f6d18199-3bc3-454c-afa0-7e17f6f92bdf_411028345	en
f6d34bb2-bd8e-4686-ba98-2eb9503e0709_495873288	en
f6d6e9ec-fa3b-4150-adef-8d2417680571_478042498	en
f6e7391e-7ced-4256-b3cd-3e249f16c6ce_834626137	zh
f6ebd9f5-fd7e-4c5d-9852-1e400ff15867_385542542	es
f70d20ad-800c-4a41-be5b-db1b9d0c6f6a_456650690	en
f7306923-34bf-44bb-bcc6-c1ea209fae6a_1055482380	zh
f7306923-34bf-44bb-bcc6-c1ea209fae6a_98782447	zh
f736442f-bfc8-4a6e-bcf9-2a49ad14ad65_816446988	ru
f7485b0f-138f-4907-a07e-c06a5746af73_173098208	zh
f74c7fb5-b038-4979-9b3c-c7321eef45ea_481475804	ru
f7508f5f-9a9e-4fb6-a00a-787fa6e55cc5_1527563	es
f7508f5f-9a9e-4fb6-a00a-787fa6e55cc5_633299309	en
f766e797-0855-4007-9976-dd4907c6b8d0_176575980	en
f767534b-a4a5-4483-a65b-d704011ef911_904750183	ru
f7686678-fcb4-4699-893f-415d4ecea7c1_20899422	en
f772a102-8487-4ed7-9c05-8f213615264e_952950150	zh
f772fbfa-07ab-49e5-a3e4-574980a9c9af_327550150	en
f778b2d3-d8b5-4435-a2fc-b3c0a9607b69_69176672	es
f7a04fad-84a3-4150-afab-87fad2b06b4a_180176725	es
f7a04fad-84a3-4150-afab-87fad2b06b4a_863534016	es
f7a8a946-871e-4b21-ad99-6480475e83c6_262437329	ru
f7a8a946-871e-4b21-ad99-6480475e83c6_346181715	en
f7a8a946-871e-4b21-ad99-6480475e83c6_807297022	es
f7ad237e-3ea0-4036-8479-00f6a02ccd4c_637105332	es
f7bb307a-77f4-4672-a3c5-626f0211b7df_873529120	zh
f7bebda6-1e82-4459-b13c-db14968cee18_223267414	ru
f7bebda6-1e82-4459-b13c-db14968cee18_507708910	es
f7bebda6-1e82-4459-b13c-db14968cee18_574100590	es
f7cac3e1-0247-4fb2-af2e-3c748bf9221b_975709454	ru
f7fdbcdc-dfaa-40a3-8b89-03b1f64777e4_787275041	zh
f7ff49ce-5379-4493-8877-3eb886a37b6c_958961839	ru
f823c631-dfc5-440c-bdc9-12c82e601224_227998661	ru
f82bf56e-80d2-4f7d-be02-3322b267e710_894078011	en
f84499c5-2f7f-4b22-ae80-bff60fff86b8_742109282	en
f85b0e81-cd88-4324-a913-538219424128_1043035084	ru
f85e201e-1e5c-4923-a74a-595040fd2245_549204439	zh
f86f555f-248e-43fd-899f-546f2b834484_335850701	es
f875a3f9-3582-4455-bdab-6047f79d20ec_410857628	es
f887d2c1-bc5e-4758-b3dc-38c4dd2d780a_1063760342	en
f887d2c1-bc5e-4758-b3dc-38c4dd2d780a_756120732	zh
f889475b-1350-4c2b-8103-d39da37c3112_204336944	es
f889475b-1350-4c2b-8103-d39da37c3112_209638591	zh
f8a9536d-cf4e-40af-bcb8-462bfc3d0df0_264079656	ru
f8a9536d-cf4e-40af-bcb8-462bfc3d0df0_651487002	zh
f8be486b-ebf4-4a3b-9b5c-a67f31044651_32189901	zh
f8d07273-84b6-4fc0-ab9f-6374130bce4f_957654590	ru
f8dca5f4-4fa8-4490-bea9-404175b4b8e0_402404708	ru
f8dca5f4-4fa8-4490-bea9-404175b4b8e0_532663171	en
f8e40365-2401-4b21-b3ad-1346c0e76ea8_443863049	zh
f8eaa29c-bed5-405e-88fc-af68181fe00a_85673974	en
f902acd5-4031-4e85-8f76-c885163dc168_686997086	zh
f91de5fc-1ad5-4f1f-921a-2eaed10f7ffb_1023385941	en
f9217e6b-d3f7-44a5-a209-8ff651710f13_526865882	es
f921c7b5-cf81-4320-9b46-4b66fc26aeb9_753480336	en
f92a2731-7935-43c0-ba71-cd3200f7f02e_142454094	es
f936564c-2fe2-421c-a0f6-a6ab92ea6240_635515074	en
f93ef744-0299-4e63-91ac-59aff94bd1e6_474309622	es
f9501fda-f538-4cbf-b184-c9836a22d296_402392554	zh
f954b7e0-64f1-4449-a364-32b59187db41_710348673	zh
f984607a-84b7-4f69-8f05-21d90b2e9eed_960444889	ru
f9a8a855-a16a-4c89-9b10-457682639a3c_656765357	zh
f9e37e5b-d0e6-4ee5-9650-30d8e867d9f5_174070889	es
f9f904d1-f47f-4dd2-a93e-bed540b01847_394537315	es
fa11101e-7299-4509-b42b-081c008dc110_940170929	es
fa197d72-5839-4b35-bced-ab3166a91b55_954778183	en
fa26b36b-0d44-4826-aa80-d43f8aa32380_450886105	es
fa3379fc-0650-4082-bea2-6ee65c0404d8_499943274	zh
fa37d4f2-2beb-400d-8449-7a5dd995a064_830220308	ru
fa4017d6-cdc4-45e7-a902-619264b84173_21031346	es
fa4017d6-cdc4-45e7-a902-619264b84173_780651236	zh
fa64c6c3-aab5-4008-90de-77c7fb304cee_298741957	en
fa857f51-f9aa-4f5b-93cf-74d6dcff9071_561334363	es
faa2a0d3-4d92-41bf-b380-23862d9bec88_7942604	es
faba7f97-1c37-4e30-8014-9337f2bcdabe_42402001	ru
fad1cee6-dc64-4dbd-b195-a44e7403a76f_79506619	es
fad9a059-9085-47a3-8b7d-9fb9b8a7b5bd_515656666	ru
fadd3c23-aa08-48d2-8b03-f01ac9e12535_717824074	zh
faea5860-3e23-443b-9aeb-2eb1f16e68cd_998211938	ru
faf76fa0-05d0-40ef-8b67-7966b1e60266_259108851	zh
faf76fa0-05d0-40ef-8b67-7966b1e60266_314551905	zh
fb02e496-ed4d-41a9-8344-e42b945603c5_368994433	en
fb0999d7-a6f3-4a1c-935b-81cff28641f9_589315707	ru
fb1f0722-8cd9-4b96-bb32-ac8d38e0c1d2_26598926	en
fb2578ad-5d44-408f-bdef-23cebe187926_887463819	en
fb2c148f-81ed-4e01-9c5a-59270da0fb97_228486250	ru
fb35b32e-6adf-437a-ac83-63f927d2cdd3_412138468	zh
fb49cef7-67fb-46d1-b4f1-f44cd23d096c_53150555	en
fb54e7d1-ab57-428a-af7d-6f98362c0995_522216982	zh
fb5e9e92-fe1d-4c3d-a523-82242174cfec_117468284	ru
fb66a06d-4064-4a5c-8cdf-3a937a8efadf_372458967	en
fb745be9-cc52-46fc-b595-b1b757769162_1017025446	en
fb7e01ac-799c-4f71-a04c-091c728bb544_375212975	en
fb8ab02b-f044-4bd0-a706-6515f67a0f97_9773546	en
fbaadf87-cd4c-4dcd-bba8-6901763313a8_925590134	es
fbbd0952-3048-4a26-8092-f6d0a09abe45_988892918	zh
fbc72b25-cef8-4aab-9c53-2433bb326801_10743852	zh
fbd00977-b8b8-49d5-916d-4c2f4fae0704_142993156	zh
fbd2f9c4-d511-4791-92ae-a62b0642513b_694671021	ru
fbea64ff-e436-4c73-9570-628461f261da_518777853	en
fc0051e0-670e-418b-a632-7b82b4bd47a0_718282267	en
fc036e2d-cfea-4c2c-9c79-5da9d4ac95f3_1033113377	zh
fc063c9d-7545-46e9-859d-1e04ac3dd0e1_539271375	es
fc443d20-b50f-46a3-aa8a-5be53c5802f0_213878577	es
fc6e9cd3-e283-434c-bc3e-e0f6397c5158_411702148	zh
fc7a4dfc-13fa-48fa-a529-94ad6a7ca6a8_632848912	ru
fc87ee4f-d5ed-4c29-bd07-bd2654a40330_83424442	ru
fc87ee4f-d5ed-4c29-bd07-bd2654a40330_908201950	es
fc9ee7ea-5aa8-4451-ba38-a4d6fb04aded_2908151	ru
fca8890e-e803-45e4-bcfc-bb931582373a_252769459	es
fcb41a1c-18b2-444b-860d-7171cefe1447_152328835	en
fcb41a1c-18b2-444b-860d-7171cefe1447_794214905	zh
fd0dbfb7-2b17-4df7-90aa-43547d5fc1ec_387977544	en
fd164608-cca9-442b-9ef9-494125c11f2c_363606743	zh
fd327404-2615-4a5b-a6fd-569e13a5af06_903542318	zh
fd43d1dd-22bf-4da3-ab4c-6161c9ba6782_1000362214	es
fd6d99a7-c531-4366-9100-062d48cf992f_808279557	ru
fd7a0390-3c19-4f43-a47f-f0682b205d70_729866310	es
fd836ce9-637d-430d-9d53-87da26fb2188_189512229	en
fd86712a-10a1-46d2-9da6-ff325d7a8441_1057739066	zh
fd8b728c-72c4-45dd-b397-1cfbbd9c51ca_100577623	zh
fd8b728c-72c4-45dd-b397-1cfbbd9c51ca_197453610	en
fda91914-e6ed-4d58-8daf-3b042887ec53_948614421	zh
fdaf860a-0bb8-49fd-921e-c17ba46cff51_177431228	zh
fdd089b0-dd54-4932-a451-fb3ebbd19b6c_927223843	en
fdd2f083-1916-4108-8609-de822e2803ef_416082351	ru
fdec2b80-3fb6-4263-bc31-94bb8742d164_832244428	en
fdf18965-fdd9-4c1e-bdad-447176067c56_807936943	en
fe01b07c-4caa-4ec5-9872-18321c4150e1_105204368	zh
fe08a198-dd91-4e83-b797-9a8460b40348_484488885	zh
fe08a198-dd91-4e83-b797-9a8460b40348_717021097	es
fe166d69-e21b-4fe4-972c-1ca329fbf6d9_391819477	zh
fe1d5008-7c8d-45c4-a6bd-5d7be350cfc1_934040050	ru
fe27dea3-17ed-4502-a56e-3ceb0120a424_933902197	en
fe5050b8-ac80-4bef-bc3b-d9ef66bef32b_91111807	es
fe5f61de-7660-4c3a-b3ff-fdd89590de2f_604115971	ru
fe8f71b1-a75f-49df-b3d7-c237c2e4af94_193449361	es
fe8f71b1-a75f-49df-b3d7-c237c2e4af94_373195853	es
feb21173-0779-4c4d-ba3f-f004b95cb653_55276446	zh
febcc3ed-9b1d-43f9-a750-eb9a539207b6_374521926	es
fec28fc0-b267-4bff-b207-c66a2920b545_887210275	es
fec28fc0-b267-4bff-b207-c66a2920b545_899320668	es
fee8302c-000b-4041-bf01-452b56b944d1_685834831	zh
fee8302c-000b-4041-bf01-452b56b944d1_883861380	zh
fefa4bc7-b86c-4978-9d31-24c0fdaef3b9_451837106	en
feff902f-1a0b-49a4-837e-862586de8b71_833175981	en
ff15a2b7-73ec-4113-8e18-192e91eaeeee_137784842	es
ff15a2b7-73ec-4113-8e18-192e91eaeeee_838263659	es
ff17bee5-5ab9-44f8-92d8-27900147b467_961557667	ru
ff1afdf2-3e43-44fb-8cbd-dae4f40431a3_521376187	zh
ff2bbb13-3df2-4fe7-ba4f-402c0b7597d9_517183288	zh
ff33ad6e-8ed0-425f-aa90-4dddb1b96234_879643594	zh
ff559c0e-d027-46d3-8620-6895304ee2a8_400533335	en
ff684025-7cad-490d-80a8-296307bd4f69_770886468	es
ff79c26f-423a-4098-8295-2a5bcbd9d7e7_359664822	en
ff94860a-1043-4a3a-909f-dc86edd93c78_732159060	zh
ff94d175-5659-4ea9-a198-5ef8219616ca_392871843	en
ff94d175-5659-4ea9-a198-5ef8219616ca_522607996	ru
ffa18ff5-bb6c-4b86-a7b4-153f51e02032_648208372	es
ffbd76d8-1de9-46d5-be59-ac9243c25498_851700243	es
ffbe2c77-0cb6-4238-b9b5-15170d7ccf2a_851450807	en
ffc73e8b-6b0a-4460-93bb-f88c468c0fe6_473922032	zh
ffd4c0ec-b5eb-4358-a5f5-54b07d66b2db_210402086	zh
ffd4c0ec-b5eb-4358-a5f5-54b07d66b2db_942364285	zh
ffe388b2-68f1-4fa0-ad9f-5c424652c12b_285015124	es
fff351d7-f81c-41da-b41b-6314af12755f_458038408	zh
